id_asignacion_tarifa,id_suministro,cod_tarifa,fecha_inicio,fecha_fin,estado_asignacion
1,3374844,BT5_RES,2022-03-30,,ACTIVO
2,6466705,BT5_RES,2023-10-19,,ACTIVO
3,7203894,BT5_RES,2023-10-28,,ACTIVO
4,4705365,BT5_RES,2025-08-15,,ACTIVO
5,1539450,BT5_RES,2024-08-07,,ACTIVO
6,8774667,BT5_RES,2025-10-19,,ACTIVO
7,9457667,BT5_RES,2024-12-14,,ACTIVO
8,5843754,BT5_RES,2025-10-03,,ACTIVO
9,1233839,BT4_COM,2025-10-28,,ACTIVO
10,6379167,BT5_RES,2025-01-11,,ACTIVO
11,7484408,BT5_RES,2024-01-28,,ACTIVO
12,4818109,BT5_RES,2025-04-27,,ACTIVO
13,2050851,BT5_RES,2021-12-26,,ACTIVO
14,5250708,BT5_RES,2023-04-08,,ACTIVO
15,5783057,BT5_RES,2025-09-10,,ACTIVO
16,3818914,BT5_RES,2023-06-23,,ACTIVO
17,7980273,BT5_RES,2022-09-13,,ACTIVO
18,6999963,BT5_RES,2024-10-02,,ACTIVO
19,8129922,BT5_RES,2021-12-20,,ACTIVO
20,1728237,BT5_RES,2021-01-06,,ACTIVO
21,1217605,BT5_RES,2024-10-24,,ACTIVO
22,9335083,BT5_RES,2025-04-18,,ACTIVO
23,3764374,BT5_RES,2025-06-17,,ACTIVO
24,4325928,BT5_RES,2024-08-29,,ACTIVO
25,1782171,BT5_RES,2025-10-17,,ACTIVO
26,5520617,BT5_RES,2020-04-24,,ACTIVO
27,9804216,BT5_RES,2020-06-08,,ACTIVO
28,3783817,MT2_GEN,2021-06-07,,ACTIVO
29,9912586,BT5_RES,2024-10-23,,ACTIVO
30,4255738,BT5_RES,2024-12-25,,ACTIVO
31,6079349,BT5_RES,2025-08-22,,ACTIVO
32,9385901,BT5_RES,2022-05-19,,ACTIVO
33,8841528,BT5_RES,2024-03-31,,ACTIVO
34,4760385,BT5_RES,2024-10-21,,ACTIVO
35,5738674,BT5_RES,2025-03-28,,ACTIVO
36,9855189,BT5_RES,2022-02-17,,ACTIVO
37,2546166,BT5_RES,2024-10-08,,ACTIVO
38,2731878,BT5_RES,2020-06-15,,ACTIVO
39,8427481,BT5_RES,2024-11-03,,ACTIVO
40,5685865,BT5_RES,2025-07-25,,ACTIVO
41,4276570,BT5_RES,2024-06-11,,ACTIVO
42,9736006,BT5_RES,2025-05-12,,ACTIVO
43,2137074,BT5_RES,2025-09-05,,ACTIVO
44,7583096,BT5_RES,2022-04-12,,ACTIVO
45,7818477,BT5_RES,2024-09-03,,ACTIVO
46,8525518,BT5_RES,2020-06-20,,ACTIVO
47,2861399,BT5_RES,2024-06-06,,ACTIVO
48,2009181,BT4_COM,2024-03-03,,ACTIVO
49,8258816,BT4_COM,2021-07-31,,ACTIVO
50,8315062,BT5_RES,2021-01-13,,ACTIVO
51,9678710,BT5_RES,2024-03-18,,ACTIVO
52,6980511,BT5_RES,2020-02-16,,ACTIVO
53,3581136,BT5_RES,2023-09-06,,ACTIVO
54,9274838,BT5_RES,2021-10-26,,ACTIVO
55,3257550,BT5_RES,2024-02-15,,ACTIVO
56,4262495,BT5_RES,2024-12-06,,ACTIVO
57,4550563,BT5_RES,2020-05-12,,ACTIVO
58,5048535,BT4_COM,2024-08-19,,ACTIVO
59,1630096,BT5_RES,2019-05-20,,ACTIVO
60,5101678,BT5_RES,2024-10-07,,ACTIVO
61,4492593,BT4_COM,2023-05-05,,ACTIVO
62,2232117,BT5_RES,2024-07-03,,ACTIVO
63,7772134,BT5_RES,2025-06-11,,ACTIVO
64,1433904,BT5_RES,2023-02-15,,ACTIVO
65,1183813,BT5_RES,2024-02-12,,ACTIVO
66,7915956,BT5_RES,2021-12-27,,ACTIVO
67,6400909,BT5_RES,2022-04-06,,ACTIVO
68,1502475,BT5_RES,2025-08-12,,ACTIVO
69,1701987,BT5_RES,2022-06-14,,ACTIVO
70,5136113,BT5_RES,2023-10-30,,ACTIVO
71,8309226,BT5_RES,2025-07-26,,ACTIVO
72,5888598,BT5_RES,2024-04-01,,ACTIVO
73,4119353,BT5_RES,2021-12-21,,ACTIVO
74,6103371,MT2_GEN,2023-07-28,,ACTIVO
75,2891119,BT5_RES,2025-08-29,,ACTIVO
76,5740368,BT5_RES,2023-08-16,,ACTIVO
77,6449475,BT5_RES,2024-07-29,,ACTIVO
78,4556956,BT5_RES,2020-01-26,,ACTIVO
79,9648574,BT5_RES,2021-10-10,,ACTIVO
80,1435642,BT5_RES,2025-04-08,,ACTIVO
81,7065514,BT5_RES,2022-02-21,,ACTIVO
82,3564811,BT5_RES,2025-01-16,,ACTIVO
83,8816428,BT5_RES,2022-11-05,,ACTIVO
84,4773765,BT5_RES,2025-01-27,,ACTIVO
85,7950605,BT5_RES,2024-09-16,,ACTIVO
86,4725375,BT5_RES,2025-01-27,,ACTIVO
87,9565663,BT5_RES,2024-09-28,,ACTIVO
88,8291431,BT5_RES,2024-08-21,,ACTIVO
89,7554413,BT5_RES,2021-12-21,,ACTIVO
90,4170191,MT2_GEN,2025-06-07,,ACTIVO
91,7544570,BT5_RES,2023-03-08,,ACTIVO
92,2292996,BT5_RES,2021-01-24,,ACTIVO
93,9337158,BT5_RES,2025-09-05,,ACTIVO
94,1714618,BT5_RES,2023-05-29,,ACTIVO
95,5811467,BT5_RES,2022-12-15,,ACTIVO
96,3335768,BT5_RES,2025-09-08,,ACTIVO
97,8980009,BT5_RES,2025-10-02,,ACTIVO
98,2792476,BT5_RES,2025-09-12,,ACTIVO
99,3113573,BT5_RES,2025-07-23,,ACTIVO
100,3046894,BT5_RES,2023-09-27,,ACTIVO
101,8719270,BT5_RES,2025-04-18,,ACTIVO
102,6920405,BT5_RES,2023-10-11,,ACTIVO
103,1292302,BT5_RES,2025-10-30,,ACTIVO
104,8466385,BT5_RES,2025-09-14,,ACTIVO
105,9738786,MT2_GEN,2025-04-22,,ACTIVO
106,6922459,BT5_RES,2023-04-04,,ACTIVO
107,5844531,BT5_RES,2025-06-16,,ACTIVO
108,7086655,BT5_RES,2024-12-28,,ACTIVO
109,4579812,BT5_RES,2022-03-16,,ACTIVO
110,7552949,BT5_RES,2021-01-20,,ACTIVO
111,1792479,BT5_RES,2024-03-16,,ACTIVO
112,2773803,BT5_RES,2025-07-16,,ACTIVO
113,9531550,BT5_RES,2025-10-30,,ACTIVO
114,2591432,BT5_RES,2025-08-10,,ACTIVO
115,6450317,BT5_RES,2024-02-27,,ACTIVO
116,2388658,BT4_COM,2023-01-06,,ACTIVO
117,4455286,BT5_RES,2024-01-02,,ACTIVO
118,7447206,BT5_RES,2025-04-16,,ACTIVO
119,4016487,BT5_RES,2023-07-22,,ACTIVO
120,8026125,BT5_RES,2024-03-12,,ACTIVO
121,3116394,BT5_RES,2025-10-08,,ACTIVO
122,8971931,BT5_RES,2021-08-28,,ACTIVO
123,3358414,BT5_RES,2025-05-27,,ACTIVO
124,1089175,BT5_RES,2025-10-22,,ACTIVO
125,3727404,BT5_RES,2025-10-27,,ACTIVO
126,2447984,BT5_RES,2024-12-12,,ACTIVO
127,6553680,BT5_RES,2022-02-01,,ACTIVO
128,1541754,BT5_RES,2024-01-14,,ACTIVO
129,2647713,BT5_RES,2024-06-14,,ACTIVO
130,3456338,BT5_RES,2022-07-17,,ACTIVO
131,4675434,BT5_RES,2020-03-15,,ACTIVO
132,8677359,BT5_RES,2020-08-18,,ACTIVO
133,8217648,BT4_COM,2025-08-01,,ACTIVO
134,4369217,MT2_GEN,2024-02-22,,ACTIVO
135,7789164,BT5_RES,2023-09-17,,ACTIVO
136,2000349,BT5_RES,2022-05-08,,ACTIVO
137,1945727,MT2_GEN,2024-06-02,,ACTIVO
138,3545061,BT5_RES,2025-07-16,,ACTIVO
139,2919087,BT5_RES,2025-08-26,,ACTIVO
140,8739910,BT5_RES,2025-10-28,,ACTIVO
141,2514770,BT5_RES,2021-11-12,,ACTIVO
142,3253679,BT5_RES,2025-04-30,,ACTIVO
143,1690860,BT5_RES,2021-04-26,,ACTIVO
144,7021895,BT5_RES,2025-10-20,,ACTIVO
145,8373156,BT5_RES,2025-02-05,,ACTIVO
146,4461964,BT5_RES,2020-08-06,,ACTIVO
147,5012131,BT5_RES,2024-07-22,,ACTIVO
148,4944877,BT5_RES,2025-01-10,,ACTIVO
149,8236027,BT5_RES,2023-11-01,,ACTIVO
150,6728703,BT4_COM,2023-10-24,,ACTIVO
151,3399251,BT4_COM,2024-09-22,,ACTIVO
152,2499934,BT5_RES,2023-06-07,,ACTIVO
153,1160079,BT5_RES,2025-09-26,,ACTIVO
154,5893673,BT5_RES,2024-11-30,,ACTIVO
155,6492557,BT5_RES,2024-04-07,,ACTIVO
156,7722824,BT4_COM,2024-07-27,,ACTIVO
157,6797449,BT4_COM,2023-09-05,,ACTIVO
158,4840349,BT5_RES,2025-07-16,,ACTIVO
159,2021313,BT5_RES,2025-10-02,,ACTIVO
160,1972325,BT5_RES,2024-03-20,,ACTIVO
161,2083857,BT5_RES,2019-04-20,,ACTIVO
162,2851000,BT5_RES,2021-06-24,,ACTIVO
163,5188877,BT5_RES,2025-04-27,,ACTIVO
164,5832978,BT5_RES,2023-03-26,,ACTIVO
165,4933807,BT5_RES,2021-09-02,,ACTIVO
166,3099071,BT5_RES,2023-07-02,,ACTIVO
167,1013497,BT5_RES,2025-06-30,,ACTIVO
168,5416813,BT4_COM,2024-11-01,,ACTIVO
169,8061060,BT4_COM,2025-09-28,,ACTIVO
170,7169735,BT5_RES,2022-08-04,,ACTIVO
171,7217819,BT5_RES,2021-04-01,,ACTIVO
172,3185249,BT5_RES,2025-10-21,,ACTIVO
173,7993854,BT5_RES,2021-08-08,,ACTIVO
174,1557371,BT5_RES,2020-07-01,,ACTIVO
175,5854132,BT5_RES,2024-02-28,,ACTIVO
176,6869597,BT5_RES,2023-08-25,,ACTIVO
177,6259213,BT5_RES,2020-11-18,,ACTIVO
178,1055138,BT4_COM,2022-10-13,,ACTIVO
179,6881125,BT5_RES,2024-05-27,,ACTIVO
180,9495352,BT5_RES,2025-07-20,,ACTIVO
181,1048635,BT5_RES,2019-06-14,,ACTIVO
182,5934765,BT5_RES,2025-02-05,,ACTIVO
183,2340246,BT5_RES,2025-10-25,,ACTIVO
184,7350552,BT5_RES,2022-05-22,,ACTIVO
185,4081356,BT5_RES,2025-09-06,,ACTIVO
186,6463323,BT5_RES,2023-07-31,,ACTIVO
187,8461133,BT5_RES,2022-11-13,,ACTIVO
188,2755202,BT5_RES,2023-10-07,,ACTIVO
189,9959833,BT5_RES,2024-03-22,,ACTIVO
190,4334059,BT5_RES,2021-06-29,,ACTIVO
191,7695313,BT5_RES,2025-10-08,,ACTIVO
192,2184613,BT5_RES,2025-02-16,,ACTIVO
193,4215854,BT5_RES,2025-08-10,,ACTIVO
194,4445076,BT5_RES,2025-09-25,,ACTIVO
195,7010725,BT4_COM,2025-06-16,,ACTIVO
196,8170100,BT5_RES,2021-05-22,,ACTIVO
197,9067592,BT5_RES,2025-02-08,,ACTIVO
198,5752978,BT5_RES,2022-09-25,,ACTIVO
199,3740653,BT5_RES,2021-03-06,,ACTIVO
200,7497637,BT5_RES,2024-05-30,,ACTIVO
201,1448200,BT5_RES,2019-11-04,,ACTIVO
202,5368186,BT5_RES,2025-08-05,,ACTIVO
203,1522068,BT5_RES,2025-10-10,,ACTIVO
204,3707096,BT5_RES,2024-03-22,,ACTIVO
205,4232557,BT5_RES,2023-12-07,,ACTIVO
206,7132409,BT5_RES,2020-12-08,,ACTIVO
207,4087050,MT2_GEN,2023-05-27,,ACTIVO
208,2691366,BT5_RES,2023-06-26,,ACTIVO
209,3288123,BT5_RES,2025-04-19,,ACTIVO
210,2701122,BT5_RES,2025-09-17,,ACTIVO
211,5537403,BT5_RES,2025-04-07,,ACTIVO
212,3034331,BT5_RES,2025-07-05,,ACTIVO
213,2234671,BT5_RES,2025-10-09,,ACTIVO
214,7058424,BT4_COM,2018-08-25,,ACTIVO
215,1952627,BT5_RES,2022-06-12,,ACTIVO
216,5275691,MT2_GEN,2022-01-30,,ACTIVO
217,7059120,MT2_GEN,2024-05-31,,ACTIVO
218,3182567,BT5_RES,2025-09-11,,ACTIVO
219,5229062,BT5_RES,2025-10-02,,ACTIVO
220,7891202,BT5_RES,2024-01-21,,ACTIVO
221,2556353,BT5_RES,2023-03-12,,ACTIVO
222,5361789,BT5_RES,2023-01-27,,ACTIVO
223,9714413,BT5_RES,2024-08-04,,ACTIVO
224,3002830,BT5_RES,2022-03-16,,ACTIVO
225,9974715,BT5_RES,2025-09-04,,ACTIVO
226,3029260,BT5_RES,2025-07-19,,ACTIVO
227,6532947,BT5_RES,2024-09-01,,ACTIVO
228,5813361,BT5_RES,2025-02-26,,ACTIVO
229,6174297,BT5_RES,2022-11-26,,ACTIVO
230,8373717,BT5_RES,2025-05-17,,ACTIVO
231,4942260,BT5_RES,2024-12-13,,ACTIVO
232,1089770,BT5_RES,2023-10-06,,ACTIVO
233,2569827,BT5_RES,2025-04-28,,ACTIVO
234,2899940,BT5_RES,2021-10-17,,ACTIVO
235,2693260,MT2_GEN,2023-12-10,,ACTIVO
236,8397805,BT5_RES,2024-12-19,,ACTIVO
237,7513877,BT5_RES,2024-09-02,,ACTIVO
238,7019136,BT5_RES,2024-02-17,,ACTIVO
239,4024845,BT5_RES,2021-07-10,,ACTIVO
240,3219696,BT5_RES,2023-10-25,,ACTIVO
241,7499772,BT5_RES,2025-02-13,,ACTIVO
242,1005845,BT5_RES,2025-07-23,,ACTIVO
243,7968575,BT5_RES,2022-11-07,,ACTIVO
244,4517441,BT5_RES,2022-04-30,,ACTIVO
245,5026236,BT5_RES,2023-11-09,,ACTIVO
246,1071687,BT5_RES,2023-10-05,,ACTIVO
247,7999589,BT5_RES,2018-10-21,,ACTIVO
248,3175037,BT5_RES,2024-10-02,,ACTIVO
249,2406861,BT5_RES,2024-10-13,,ACTIVO
250,3930169,BT5_RES,2025-04-28,,ACTIVO
251,9994725,BT5_RES,2021-11-25,,ACTIVO
252,5474179,BT4_COM,2025-09-25,,ACTIVO
253,8068284,BT5_RES,2025-08-15,,ACTIVO
254,3821055,BT5_RES,2025-08-18,,ACTIVO
255,7545337,BT5_RES,2024-05-23,,ACTIVO
256,6126711,BT5_RES,2021-03-26,,ACTIVO
257,2089152,BT5_RES,2022-08-14,,ACTIVO
258,1399756,BT5_RES,2022-09-23,,ACTIVO
259,3047087,BT5_RES,2021-01-09,,ACTIVO
260,7604999,BT5_RES,2024-10-07,,ACTIVO
261,5464654,BT5_RES,2025-10-06,,ACTIVO
262,1898591,BT5_RES,2025-09-26,,ACTIVO
263,4154039,BT5_RES,2025-10-31,,ACTIVO
264,6206514,BT5_RES,2022-03-08,,ACTIVO
265,6224525,BT5_RES,2023-06-06,,ACTIVO
266,6674357,BT5_RES,2025-01-16,,ACTIVO
267,1380185,BT5_RES,2025-02-26,,ACTIVO
268,3437167,BT5_RES,2025-09-24,,ACTIVO
269,6169294,BT5_RES,2025-05-25,,ACTIVO
270,5779577,BT5_RES,2024-03-28,,ACTIVO
271,4354842,BT5_RES,2024-12-17,,ACTIVO
272,8163466,BT5_RES,2023-01-05,,ACTIVO
273,4556220,MT2_GEN,2025-08-09,,ACTIVO
274,9346564,BT5_RES,2025-03-30,,ACTIVO
275,1754417,BT5_RES,2025-04-26,,ACTIVO
276,8092099,MT2_GEN,2025-02-23,,ACTIVO
277,2101629,MT2_GEN,2025-04-22,,ACTIVO
278,3582975,BT5_RES,2024-01-07,,ACTIVO
279,3854711,BT5_RES,2024-09-24,,ACTIVO
280,1794284,BT5_RES,2023-11-16,,ACTIVO
281,4730861,BT5_RES,2025-09-05,,ACTIVO
282,2052451,BT5_RES,2023-04-25,,ACTIVO
283,8532562,BT5_RES,2025-09-01,,ACTIVO
284,4184643,BT5_RES,2019-09-25,,ACTIVO
285,7722944,BT5_RES,2025-08-20,,ACTIVO
286,8281765,BT5_RES,2025-09-22,,ACTIVO
287,9972433,BT4_COM,2025-06-14,,ACTIVO
288,7125824,BT5_RES,2025-10-30,,ACTIVO
289,2251678,BT5_RES,2024-10-27,,ACTIVO
290,4627018,BT4_COM,2025-01-11,,ACTIVO
291,2504762,BT5_RES,2025-10-23,,ACTIVO
292,8370538,BT5_RES,2024-12-26,,ACTIVO
293,1716919,BT5_RES,2025-03-24,,ACTIVO
294,9974689,BT5_RES,2023-07-01,,ACTIVO
295,6225412,MT2_GEN,2025-07-18,,ACTIVO
296,1524041,BT5_RES,2024-11-13,,ACTIVO
297,4493566,BT5_RES,2019-06-20,,ACTIVO
298,1597869,BT5_RES,2024-11-26,,ACTIVO
299,3620354,BT5_RES,2020-10-10,,ACTIVO
300,9813509,BT4_COM,2023-02-27,,ACTIVO
301,2654427,BT5_RES,2022-07-16,,ACTIVO
302,1851622,BT5_RES,2025-05-16,,ACTIVO
303,7908565,BT5_RES,2020-05-28,,ACTIVO
304,8927201,BT5_RES,2023-10-13,,ACTIVO
305,7448100,BT5_RES,2022-02-12,,ACTIVO
306,6599542,BT5_RES,2021-09-26,,ACTIVO
307,4060842,BT5_RES,2025-06-17,,ACTIVO
308,7789810,BT5_RES,2021-12-24,,ACTIVO
309,8191299,BT5_RES,2022-01-06,,ACTIVO
310,2743700,BT5_RES,2025-09-30,,ACTIVO
311,2464829,BT5_GEN,2025-04-18,,ACTIVO
312,1729896,BT5_RES,2020-05-01,,ACTIVO
313,4623752,BT4_COM,2018-11-08,,ACTIVO
314,3554106,BT5_RES,2024-09-02,,ACTIVO
315,3280671,BT5_RES,2024-08-18,,ACTIVO
316,6066093,BT5_RES,2025-07-07,,ACTIVO
317,7120174,BT5_RES,2022-11-12,,ACTIVO
318,9558169,BT5_RES,2022-04-09,,ACTIVO
319,8059879,BT5_RES,2025-02-03,,ACTIVO
320,5415658,BT4_COM,2025-05-16,,ACTIVO
321,5759229,BT5_RES,2021-04-23,,ACTIVO
322,7895006,BT5_RES,2024-11-03,,ACTIVO
323,4087487,BT5_RES,2022-10-17,,ACTIVO
324,9950816,BT5_RES,2023-03-17,,ACTIVO
325,9877493,BT5_RES,2025-02-28,,ACTIVO
326,2537198,BT5_RES,2024-05-12,,ACTIVO
327,1039828,BT5_RES,2025-07-29,,ACTIVO
328,3416353,BT5_RES,2025-03-21,,ACTIVO
329,9719865,BT5_RES,2024-11-24,,ACTIVO
330,2696698,BT5_RES,2022-08-06,,ACTIVO
331,8617632,BT5_RES,2025-07-03,,ACTIVO
332,5132079,BT5_RES,2019-11-24,,ACTIVO
333,9043008,BT5_RES,2023-02-18,,ACTIVO
334,1494103,BT5_RES,2025-07-07,,ACTIVO
335,7235480,BT5_RES,2025-06-16,,ACTIVO
336,5970399,BT5_RES,2025-10-18,,ACTIVO
337,8808099,BT5_RES,2025-08-12,,ACTIVO
338,7265865,BT5_RES,2023-03-28,,ACTIVO
339,5768363,BT5_RES,2020-09-04,,ACTIVO
340,6681178,BT5_RES,2023-06-24,,ACTIVO
341,4333329,BT5_RES,2024-03-14,,ACTIVO
342,3838413,BT5_RES,2025-10-10,,ACTIVO
343,1665672,BT5_RES,2025-09-13,,ACTIVO
344,7289677,BT4_COM,2024-02-08,,ACTIVO
345,1878917,BT5_RES,2025-04-13,,ACTIVO
346,2624517,BT5_RES,2022-08-15,,ACTIVO
347,9234756,BT5_RES,2024-12-29,,ACTIVO
348,7248703,BT5_RES,2025-06-16,,ACTIVO
349,8069499,BT5_RES,2022-10-10,,ACTIVO
350,3972960,BT5_RES,2023-07-21,,ACTIVO
351,2756928,BT5_GEN,2020-11-16,,ACTIVO
352,2222008,BT4_COM,2023-12-13,,ACTIVO
353,4884408,BT5_RES,2024-04-29,,ACTIVO
354,7437326,MT2_GEN,2021-02-17,,ACTIVO
355,3278276,BT5_RES,2021-05-31,,ACTIVO
356,9497328,BT4_COM,2025-03-27,,ACTIVO
357,2668217,BT4_COM,2025-08-03,,ACTIVO
358,9189145,BT5_RES,2025-08-11,,ACTIVO
359,9819491,MT2_GEN,2024-08-19,,ACTIVO
360,4887771,BT5_RES,2025-05-13,,ACTIVO
361,9811668,BT5_RES,2025-09-04,,ACTIVO
362,9347174,BT4_COM,2025-07-09,,ACTIVO
363,6624527,BT5_RES,2024-02-07,,ACTIVO
364,6289913,BT4_COM,2023-04-26,,ACTIVO
365,7983658,BT5_RES,2024-05-01,,ACTIVO
366,5486540,BT5_RES,2022-07-19,,ACTIVO
367,6668058,BT5_RES,2023-12-31,,ACTIVO
368,9067968,BT5_RES,2024-08-13,,ACTIVO
369,3960431,BT5_RES,2025-10-21,,ACTIVO
370,4947309,BT5_RES,2025-10-17,,ACTIVO
371,2713190,BT5_RES,2024-09-04,,ACTIVO
372,1884787,BT5_RES,2022-04-12,,ACTIVO
373,9653234,BT4_COM,2025-03-13,,ACTIVO
374,3411080,BT5_RES,2020-01-16,,ACTIVO
375,7191042,BT5_RES,2025-08-25,,ACTIVO
376,1679813,BT5_RES,2022-02-02,,ACTIVO
377,3353896,BT5_RES,2024-12-06,,ACTIVO
378,3469105,BT5_RES,2024-01-17,,ACTIVO
379,3805830,BT5_RES,2025-10-22,,ACTIVO
380,7701010,BT5_RES,2023-03-07,,ACTIVO
381,4000233,BT5_RES,2021-05-11,,ACTIVO
382,5177941,BT5_RES,2025-02-27,,ACTIVO
383,9533416,BT5_RES,2024-08-25,,ACTIVO
384,4064312,MT2_GEN,2022-10-26,,ACTIVO
385,9152110,BT5_RES,2025-10-31,,ACTIVO
386,9390845,BT4_COM,2020-07-18,,ACTIVO
387,1087928,BT5_RES,2023-12-02,,ACTIVO
388,8895311,BT5_RES,2021-05-26,,ACTIVO
389,3613328,BT5_RES,2024-10-06,,ACTIVO
390,5642096,BT5_RES,2025-04-25,,ACTIVO
391,6875080,MT2_GEN,2020-10-09,,ACTIVO
392,9471298,BT5_RES,2022-03-28,,ACTIVO
393,8361278,BT5_RES,2019-11-02,,ACTIVO
394,4771575,BT5_RES,2019-03-06,,ACTIVO
395,2122203,BT5_RES,2019-04-16,,ACTIVO
396,8161806,BT5_RES,2024-05-29,,ACTIVO
397,8925241,BT5_RES,2025-07-21,,ACTIVO
398,7648966,BT4_COM,2020-10-28,,ACTIVO
399,6344887,BT5_RES,2025-04-09,,ACTIVO
400,1793240,MT2_GEN,2025-05-28,,ACTIVO
401,8203797,BT5_RES,2025-10-23,,ACTIVO
402,7986676,BT4_COM,2024-08-20,,ACTIVO
403,2480590,BT5_RES,2025-03-08,,ACTIVO
404,6491413,BT5_RES,2023-03-05,,ACTIVO
405,8439197,BT5_RES,2022-11-28,,ACTIVO
406,8781986,BT5_RES,2025-03-13,,ACTIVO
407,1242729,BT5_RES,2025-03-03,,ACTIVO
408,2873214,BT5_RES,2023-05-01,,ACTIVO
409,1637632,BT5_RES,2024-01-01,,ACTIVO
410,6917047,BT5_RES,2024-07-18,,ACTIVO
411,7125991,BT5_RES,2024-01-05,,ACTIVO
412,6374006,BT4_COM,2020-11-05,,ACTIVO
413,4998259,MT2_GEN,2025-07-01,,ACTIVO
414,8987711,MT2_GEN,2025-10-27,,ACTIVO
415,6723597,BT5_RES,2022-11-16,,ACTIVO
416,4918525,BT5_RES,2021-08-18,,ACTIVO
417,1547965,BT5_RES,2025-09-12,,ACTIVO
418,4097983,BT5_RES,2021-03-03,,ACTIVO
419,3125181,BT5_RES,2024-03-29,,ACTIVO
420,8529362,BT5_RES,2023-11-14,,ACTIVO
421,4394583,BT4_COM,2024-10-27,,ACTIVO
422,8866769,BT4_COM,2024-10-09,,ACTIVO
423,8190165,BT5_RES,2025-09-12,,ACTIVO
424,1239011,BT5_RES,2025-10-31,,ACTIVO
425,6841641,BT4_COM,2020-03-18,,ACTIVO
426,3097730,BT5_RES,2025-04-26,,ACTIVO
427,5515889,BT5_RES,2021-06-25,,ACTIVO
428,6980415,BT5_RES,2024-05-08,,ACTIVO
429,6213693,BT5_RES,2024-07-13,,ACTIVO
430,2199457,BT5_RES,2025-07-08,,ACTIVO
431,6804800,BT5_RES,2019-01-09,,ACTIVO
432,4453200,BT5_RES,2022-08-19,,ACTIVO
433,1786987,BT5_RES,2025-08-25,,ACTIVO
434,2981404,BT5_RES,2025-07-23,,ACTIVO
435,3156507,BT5_RES,2022-06-12,,ACTIVO
436,9675408,BT5_RES,2019-10-14,,ACTIVO
437,1168654,BT5_RES,2024-05-05,,ACTIVO
438,9154865,BT5_RES,2025-10-24,,ACTIVO
439,9647179,BT5_RES,2025-09-29,,ACTIVO
440,8053725,BT5_RES,2025-10-13,,ACTIVO
441,7705683,BT5_RES,2023-05-04,,ACTIVO
442,9381178,BT5_RES,2025-10-10,,ACTIVO
443,2075663,BT5_RES,2023-06-28,,ACTIVO
444,4161428,BT5_RES,2019-01-06,,ACTIVO
445,4077795,BT5_RES,2024-06-02,,ACTIVO
446,6856760,MT2_GEN,2024-07-12,,ACTIVO
447,4840055,MT2_GEN,2023-10-01,,ACTIVO
448,6521208,BT5_RES,2019-02-15,,ACTIVO
449,7957503,BT5_RES,2020-12-17,,ACTIVO
450,9192355,BT5_RES,2024-09-12,,ACTIVO
451,2962340,BT5_RES,2025-02-24,,ACTIVO
452,7642419,BT5_RES,2025-09-22,,ACTIVO
453,2228847,BT5_RES,2025-03-21,,ACTIVO
454,7024274,BT5_RES,2025-02-26,,ACTIVO
455,9550812,BT5_RES,2021-08-09,,ACTIVO
456,7300948,BT5_RES,2024-08-30,,ACTIVO
457,2719871,BT5_RES,2024-07-20,,ACTIVO
458,4287619,BT5_RES,2024-08-03,,ACTIVO
459,5314421,BT5_RES,2025-04-18,,ACTIVO
460,2503880,MT2_GEN,2025-06-17,,ACTIVO
461,3030885,BT5_RES,2024-03-01,,ACTIVO
462,7177182,BT5_RES,2023-02-25,,ACTIVO
463,3934533,BT5_RES,2023-03-12,,ACTIVO
464,4188027,BT5_RES,2022-02-09,,ACTIVO
465,2382487,BT5_RES,2022-11-05,,ACTIVO
466,2097215,BT5_RES,2023-04-20,,ACTIVO
467,8084198,BT5_RES,2018-07-16,,ACTIVO
468,8524534,BT5_RES,2024-04-06,,ACTIVO
469,8327798,BT5_RES,2025-08-23,,ACTIVO
470,8505746,BT5_RES,2025-10-11,,ACTIVO
471,1677390,BT5_RES,2020-03-20,,ACTIVO
472,7956036,MT2_GEN,2021-08-29,,ACTIVO
473,1864839,BT5_RES,2022-05-29,,ACTIVO
474,2575683,BT5_RES,2025-03-18,,ACTIVO
475,6018480,BT5_RES,2024-01-25,,ACTIVO
476,9514448,BT5_RES,2025-09-20,,ACTIVO
477,7586380,BT5_RES,2023-08-26,,ACTIVO
478,7315343,BT5_RES,2025-03-28,,ACTIVO
479,6575598,BT5_RES,2022-03-10,,ACTIVO
480,7170332,BT5_RES,2024-03-29,,ACTIVO
481,6858180,BT5_RES,2021-08-01,,ACTIVO
482,2058768,BT5_RES,2021-01-29,,ACTIVO
483,6588733,BT5_RES,2025-06-30,,ACTIVO
484,4110988,BT5_RES,2024-05-02,,ACTIVO
485,3031604,BT4_COM,2025-03-05,,ACTIVO
486,1452365,BT5_RES,2023-05-07,,ACTIVO
487,8455674,BT5_RES,2021-11-09,,ACTIVO
488,7573917,MT2_GEN,2025-09-01,,ACTIVO
489,9390071,BT5_RES,2024-04-19,,ACTIVO
490,6391362,BT5_RES,2022-01-26,,ACTIVO
491,1553140,BT5_RES,2024-07-06,,ACTIVO
492,4432942,BT5_RES,2023-01-02,,ACTIVO
493,5815115,BT5_RES,2020-11-21,,ACTIVO
494,6302906,BT5_RES,2025-07-17,,ACTIVO
495,5816096,BT5_RES,2024-03-04,,ACTIVO
496,3545217,BT5_RES,2022-08-09,,ACTIVO
497,6365210,MT2_GEN,2025-09-01,,ACTIVO
498,8913621,BT5_RES,2023-12-12,,ACTIVO
499,7051519,BT5_RES,2022-11-06,,ACTIVO
500,4798209,BT5_RES,2025-08-24,,ACTIVO
501,9965628,BT5_RES,2022-06-15,,ACTIVO
502,1578136,BT5_RES,2025-06-02,,ACTIVO
503,8900528,BT5_RES,2025-10-06,,ACTIVO
504,3612510,BT5_RES,2025-04-29,,ACTIVO
505,4489489,BT4_COM,2023-02-10,,ACTIVO
506,6539426,BT5_RES,2025-08-22,,ACTIVO
507,5038659,BT5_RES,2021-11-13,,ACTIVO
508,8983711,BT4_COM,2023-06-17,,ACTIVO
509,4718456,BT5_RES,2024-10-05,,ACTIVO
510,6237095,BT5_RES,2024-10-01,,ACTIVO
511,3728988,BT5_RES,2024-03-30,,ACTIVO
512,4303194,BT5_GEN,2022-12-08,,ACTIVO
513,8777074,BT4_COM,2020-05-25,,ACTIVO
514,9091793,BT5_RES,2025-07-24,,ACTIVO
515,6550221,BT5_RES,2019-03-22,,ACTIVO
516,8986464,BT5_RES,2023-06-23,,ACTIVO
517,8498186,BT5_RES,2024-09-11,,ACTIVO
518,8771909,BT5_RES,2022-09-19,,ACTIVO
519,5524377,BT5_RES,2025-06-07,,ACTIVO
520,8320867,BT5_RES,2022-02-23,,ACTIVO
521,5923002,BT5_RES,2023-07-20,,ACTIVO
522,2330848,BT5_RES,2024-04-07,,ACTIVO
523,7604405,MT2_GEN,2018-12-21,,ACTIVO
524,8817977,BT5_RES,2024-05-13,,ACTIVO
525,2653290,BT5_RES,2024-08-29,,ACTIVO
526,6403977,BT5_RES,2018-07-09,,ACTIVO
527,7421799,BT5_RES,2022-09-26,,ACTIVO
528,9898507,BT5_RES,2024-03-18,,ACTIVO
529,3169579,BT4_COM,2022-03-10,,ACTIVO
530,4911581,BT5_RES,2022-11-02,,ACTIVO
531,1962370,BT5_RES,2023-10-12,,ACTIVO
532,3701343,BT5_RES,2025-07-12,,ACTIVO
533,7983389,MT2_GEN,2021-09-27,,ACTIVO
534,9543518,MT2_GEN,2022-11-24,,ACTIVO
535,8451529,BT5_RES,2025-01-27,,ACTIVO
536,5575324,BT5_RES,2025-03-15,,ACTIVO
537,4943711,BT5_RES,2025-10-31,,ACTIVO
538,5874944,BT5_RES,2024-11-09,,ACTIVO
539,3935480,BT5_RES,2025-02-11,,ACTIVO
540,9728717,BT5_RES,2024-08-07,,ACTIVO
541,4983653,BT5_RES,2024-11-16,,ACTIVO
542,8000180,MT2_GEN,2018-09-09,,ACTIVO
543,2390777,BT5_RES,2023-10-11,,ACTIVO
544,7468936,BT5_RES,2024-10-27,,ACTIVO
545,2059938,BT5_RES,2025-03-18,,ACTIVO
546,7178212,BT5_RES,2025-10-09,,ACTIVO
547,8814655,BT5_GEN,2021-12-04,,ACTIVO
548,3262777,BT5_GEN,2024-07-24,,ACTIVO
549,3822528,BT5_RES,2025-08-24,,ACTIVO
550,6776245,BT5_RES,2025-08-13,,ACTIVO
551,3153451,BT5_RES,2021-09-24,,ACTIVO
552,3344353,BT5_RES,2024-04-12,,ACTIVO
553,6105470,BT4_COM,2024-09-24,,ACTIVO
554,7978533,BT5_RES,2021-03-31,,ACTIVO
555,3591786,BT5_RES,2022-07-20,,ACTIVO
556,3689541,BT5_RES,2021-02-06,,ACTIVO
557,8619934,BT5_RES,2024-09-03,,ACTIVO
558,5500098,BT5_RES,2024-01-19,,ACTIVO
559,4892429,BT5_RES,2025-09-15,,ACTIVO
560,4291440,BT5_RES,2024-07-06,,ACTIVO
561,5977858,BT5_RES,2024-03-12,,ACTIVO
562,4208970,BT5_RES,2023-12-03,,ACTIVO
563,1825202,BT5_RES,2021-01-27,,ACTIVO
564,6185788,BT5_RES,2020-05-14,,ACTIVO
565,4218032,BT5_RES,2023-05-09,,ACTIVO
566,8505240,BT4_COM,2021-12-24,,ACTIVO
567,1431993,BT5_RES,2023-03-04,,ACTIVO
568,4035114,BT5_RES,2025-10-27,,ACTIVO
569,3658550,BT5_RES,2024-04-23,,ACTIVO
570,6587457,BT5_RES,2023-05-26,,ACTIVO
571,3705711,BT5_RES,2019-08-04,,ACTIVO
572,6465788,BT5_RES,2025-05-29,,ACTIVO
573,1662921,BT5_RES,2025-01-03,,ACTIVO
574,2687197,BT5_RES,2024-09-30,,ACTIVO
575,5083171,BT5_RES,2024-10-29,,ACTIVO
576,1692682,BT5_RES,2025-10-30,,ACTIVO
577,6828902,BT5_RES,2024-07-30,,ACTIVO
578,4615917,BT5_RES,2023-11-15,,ACTIVO
579,2402071,BT5_RES,2025-10-03,,ACTIVO
580,3931873,BT5_RES,2024-03-16,,ACTIVO
581,8748247,BT5_RES,2023-11-08,,ACTIVO
582,8300232,BT5_RES,2018-02-18,,ACTIVO
583,3886380,BT5_RES,2024-09-23,,ACTIVO
584,2585509,BT5_RES,2022-05-02,,ACTIVO
585,9794336,BT4_COM,2023-07-22,,ACTIVO
586,1851019,BT4_COM,2024-01-31,,ACTIVO
587,4976984,BT5_RES,2023-07-25,,ACTIVO
588,2711679,BT5_RES,2025-04-17,,ACTIVO
589,7953317,BT4_COM,2025-07-09,,ACTIVO
590,3613435,BT4_COM,2021-09-27,,ACTIVO
591,4984797,BT4_COM,2022-12-02,,ACTIVO
592,6148256,MT2_GEN,2025-10-04,,ACTIVO
593,3865996,BT5_RES,2025-09-02,,ACTIVO
594,8559229,BT5_RES,2025-08-29,,ACTIVO
595,3144897,BT5_RES,2025-07-08,,ACTIVO
596,7187311,BT5_RES,2024-12-08,,ACTIVO
597,7707758,BT5_RES,2023-12-16,,ACTIVO
598,1378262,MT2_GEN,2023-08-15,,ACTIVO
599,9178715,BT4_COM,2023-06-23,,ACTIVO
600,6216258,BT5_RES,2025-04-26,,ACTIVO
601,8267964,BT4_COM,2025-02-03,,ACTIVO
602,8245623,BT5_RES,2024-02-29,,ACTIVO
603,3679733,BT5_RES,2025-05-25,,ACTIVO
604,3411048,BT5_RES,2020-12-11,,ACTIVO
605,4228622,MT2_GEN,2023-02-01,,ACTIVO
606,4839081,MT2_GEN,2024-03-31,,ACTIVO
607,6022481,BT5_RES,2025-04-19,,ACTIVO
608,8399384,BT5_RES,2023-10-20,,ACTIVO
609,9485409,BT4_COM,2024-08-27,,ACTIVO
610,3453780,MT2_GEN,2021-03-10,,ACTIVO
611,4310845,BT5_RES,2021-04-29,,ACTIVO
612,3665192,BT5_RES,2022-09-19,,ACTIVO
613,9882426,BT5_RES,2022-05-05,,ACTIVO
614,3829769,BT5_RES,2021-08-18,,ACTIVO
615,4898909,BT4_COM,2025-02-03,,ACTIVO
616,9365362,BT5_RES,2024-04-15,,ACTIVO
617,2991490,BT5_RES,2024-06-11,,ACTIVO
618,2584533,BT5_RES,2023-10-25,,ACTIVO
619,6077617,BT5_RES,2025-05-01,,ACTIVO
620,3973202,BT4_COM,2024-11-14,,ACTIVO
621,1273651,BT5_RES,2021-03-29,,ACTIVO
622,9369274,BT5_RES,2024-10-25,,ACTIVO
623,7797494,BT5_RES,2021-10-25,,ACTIVO
624,4880608,BT5_RES,2022-12-26,,ACTIVO
625,4887957,BT5_RES,2024-07-03,,ACTIVO
626,8244435,BT5_RES,2024-10-27,,ACTIVO
627,2308551,BT5_RES,2025-08-22,,ACTIVO
628,5500522,BT5_RES,2023-04-25,,ACTIVO
629,5219458,BT5_RES,2025-04-17,,ACTIVO
630,5984118,BT5_RES,2023-09-29,,ACTIVO
631,5462967,BT4_COM,2023-12-26,,ACTIVO
632,4960592,BT5_RES,2023-01-07,,ACTIVO
633,3541256,BT5_RES,2022-05-10,,ACTIVO
634,4427752,BT5_RES,2025-02-23,,ACTIVO
635,4189952,BT5_RES,2025-09-24,,ACTIVO
636,1148498,BT5_RES,2023-08-31,,ACTIVO
637,2518784,BT5_RES,2020-08-16,,ACTIVO
638,7879593,BT5_RES,2019-07-30,,ACTIVO
639,9605647,BT5_RES,2024-08-11,,ACTIVO
640,6075002,BT5_RES,2022-05-18,,ACTIVO
641,9191908,BT5_RES,2024-09-13,,ACTIVO
642,2191247,BT5_RES,2025-08-08,,ACTIVO
643,4112394,BT5_RES,2021-11-09,,ACTIVO
644,8799979,BT5_RES,2019-06-22,,ACTIVO
645,6422348,BT5_RES,2023-02-25,,ACTIVO
646,9468408,BT5_RES,2019-08-15,,ACTIVO
647,2208614,BT5_RES,2025-01-16,,ACTIVO
648,8315932,BT5_RES,2024-10-14,,ACTIVO
649,6203041,BT5_RES,2024-02-02,,ACTIVO
650,2608024,BT5_RES,2025-05-03,,ACTIVO
651,8564657,BT5_RES,2025-05-07,,ACTIVO
652,1409362,BT5_RES,2025-10-10,,ACTIVO
653,3372703,BT5_RES,2025-09-08,,ACTIVO
654,5447071,BT5_RES,2020-07-10,,ACTIVO
655,6605966,BT5_RES,2023-12-03,,ACTIVO
656,3134898,BT4_COM,2025-04-10,,ACTIVO
657,8399637,BT4_COM,2023-03-31,,ACTIVO
658,8847864,BT5_RES,2020-08-21,,ACTIVO
659,6073486,BT5_RES,2023-09-10,,ACTIVO
660,2952127,BT5_RES,2025-10-16,,ACTIVO
661,9305719,BT5_RES,2021-02-20,,ACTIVO
662,9050212,BT5_RES,2023-10-19,,ACTIVO
663,6885202,BT5_RES,2024-07-16,,ACTIVO
664,7253653,BT5_RES,2025-08-05,,ACTIVO
665,3087450,BT5_RES,2025-01-10,,ACTIVO
666,4871926,BT5_RES,2024-02-02,,ACTIVO
667,7013173,BT5_RES,2024-12-21,,ACTIVO
668,5269728,BT5_RES,2023-05-21,,ACTIVO
669,5486191,BT5_RES,2024-12-29,,ACTIVO
670,9842446,BT5_RES,2024-06-21,,ACTIVO
671,2547994,BT5_RES,2024-08-18,,ACTIVO
672,2736390,BT5_RES,2025-08-21,,ACTIVO
673,1154218,BT5_RES,2025-10-11,,ACTIVO
674,6817567,BT4_COM,2025-08-29,,ACTIVO
675,7277810,BT5_RES,2025-08-25,,ACTIVO
676,8553267,BT5_RES,2024-12-16,,ACTIVO
677,8506697,BT5_RES,2023-11-19,,ACTIVO
678,7499480,BT5_RES,2025-03-03,,ACTIVO
679,3526332,BT5_RES,2024-03-15,,ACTIVO
680,3992809,BT5_RES,2022-08-02,,ACTIVO
681,5031104,BT5_RES,2021-07-21,,ACTIVO
682,4010475,BT5_RES,2021-09-23,,ACTIVO
683,6575720,BT5_GEN,2025-10-26,,ACTIVO
684,4472666,BT5_RES,2025-02-10,,ACTIVO
685,8602035,BT4_COM,2025-07-15,,ACTIVO
686,3409894,BT5_RES,2023-02-18,,ACTIVO
687,5091139,BT4_COM,2024-10-10,,ACTIVO
688,8185845,MT2_GEN,2025-06-28,,ACTIVO
689,7239477,MT2_GEN,2025-03-08,,ACTIVO
690,7335047,BT5_RES,2023-12-21,,ACTIVO
691,3700897,BT5_RES,2025-07-03,,ACTIVO
692,5334806,BT5_RES,2024-12-09,,ACTIVO
693,7144414,BT5_RES,2022-08-13,,ACTIVO
694,7635379,BT5_RES,2025-10-28,,ACTIVO
695,9968734,BT5_RES,2023-04-06,,ACTIVO
696,8261516,BT5_RES,2025-01-07,,ACTIVO
697,1094953,BT5_RES,2025-06-13,,ACTIVO
698,4874835,BT5_RES,2020-06-23,,ACTIVO
699,8965446,BT5_RES,2025-05-13,,ACTIVO
700,4782536,BT5_RES,2024-07-21,,ACTIVO
701,4851546,BT5_RES,2025-09-21,,ACTIVO
702,3596541,BT5_RES,2025-06-05,,ACTIVO
703,6769487,BT5_RES,2023-10-25,,ACTIVO
704,8462628,BT5_RES,2024-12-06,,ACTIVO
705,6374111,BT5_RES,2021-10-20,,ACTIVO
706,1062764,BT5_RES,2024-05-12,,ACTIVO
707,8822425,BT5_RES,2025-09-06,,ACTIVO
708,6650121,BT5_RES,2024-11-22,,ACTIVO
709,8619124,BT5_RES,2025-01-26,,ACTIVO
710,1908598,BT5_RES,2024-12-18,,ACTIVO
711,4983480,BT5_RES,2022-02-07,,ACTIVO
712,1383408,BT5_RES,2025-04-09,,ACTIVO
713,5354039,BT5_RES,2023-04-29,,ACTIVO
714,3236003,BT5_RES,2023-04-09,,ACTIVO
715,5544360,BT4_COM,2023-11-07,,ACTIVO
716,4059172,BT4_COM,2024-12-01,,ACTIVO
717,9246516,BT5_RES,2025-03-20,,ACTIVO
718,4058523,BT5_RES,2025-05-18,,ACTIVO
719,3670802,BT5_RES,2023-10-04,,ACTIVO
720,5059296,BT5_RES,2023-05-07,,ACTIVO
721,9903500,BT5_RES,2024-05-12,,ACTIVO
722,3102129,BT5_RES,2024-10-25,,ACTIVO
723,3903770,BT5_RES,2025-06-25,,ACTIVO
724,5639049,BT5_RES,2022-04-09,,ACTIVO
725,7732877,BT5_RES,2025-01-16,,ACTIVO
726,8959321,BT5_RES,2024-07-26,,ACTIVO
727,1944270,BT5_RES,2024-02-07,,ACTIVO
728,7403446,BT5_GEN,2019-08-13,,ACTIVO
729,8036041,BT5_RES,2022-07-05,,ACTIVO
730,5356137,BT5_RES,2025-10-05,,ACTIVO
731,6453467,BT5_RES,2024-08-13,,ACTIVO
732,3266981,BT4_COM,2023-12-09,,ACTIVO
733,2259308,MT2_GEN,2025-10-01,,ACTIVO
734,4895460,BT5_RES,2025-09-24,,ACTIVO
735,8351095,MT2_GEN,2023-12-27,,ACTIVO
736,6069668,BT5_RES,2021-05-23,,ACTIVO
737,2548207,BT5_RES,2025-03-15,,ACTIVO
738,7147792,BT5_RES,2024-02-26,,ACTIVO
739,3817539,BT4_COM,2025-08-05,,ACTIVO
740,8003634,BT4_COM,2025-04-10,,ACTIVO
741,5660174,BT4_COM,2023-01-25,,ACTIVO
742,8671833,BT5_RES,2025-08-15,,ACTIVO
743,9075552,BT5_RES,2024-05-17,,ACTIVO
744,1675779,BT5_RES,2025-08-20,,ACTIVO
745,1929073,BT5_RES,2025-03-23,,ACTIVO
746,5012614,BT5_RES,2023-01-28,,ACTIVO
747,3486962,BT5_RES,2021-01-21,,ACTIVO
748,8789724,BT5_RES,2025-09-25,,ACTIVO
749,8181018,BT5_RES,2024-05-16,,ACTIVO
750,4843131,BT5_RES,2023-03-29,,ACTIVO
751,2726981,BT4_COM,2020-02-16,,ACTIVO
752,9683806,BT5_RES,2025-07-04,,ACTIVO
753,9293388,BT5_RES,2023-03-02,,ACTIVO
754,1683242,BT5_RES,2024-12-29,,ACTIVO
755,7265676,BT4_COM,2025-04-08,,ACTIVO
756,3202233,BT5_RES,2025-07-22,,ACTIVO
757,4238390,BT5_RES,2023-12-21,,ACTIVO
758,4726461,BT5_RES,2025-07-14,,ACTIVO
759,1333405,MT2_GEN,2023-06-29,,ACTIVO
760,2106131,BT4_COM,2021-05-21,,ACTIVO
761,2214715,BT5_RES,2025-04-02,,ACTIVO
762,9564754,BT5_RES,2025-08-04,,ACTIVO
763,9457963,BT5_RES,2024-05-26,,ACTIVO
764,9057779,BT5_RES,2025-01-15,,ACTIVO
765,9330666,BT5_RES,2024-07-09,,ACTIVO
766,5883188,BT5_RES,2019-07-20,,ACTIVO
767,4216458,BT4_COM,2025-01-02,,ACTIVO
768,6440685,BT5_RES,2025-01-05,,ACTIVO
769,7581403,BT5_RES,2022-11-18,,ACTIVO
770,4335450,BT5_RES,2023-03-11,,ACTIVO
771,9663416,BT5_RES,2021-02-23,,ACTIVO
772,4582467,BT5_RES,2023-10-07,,ACTIVO
773,4229097,BT5_RES,2024-10-04,,ACTIVO
774,1585714,BT4_COM,2025-01-27,,ACTIVO
775,9669302,BT5_RES,2025-03-21,,ACTIVO
776,4254075,BT5_RES,2025-03-24,,ACTIVO
777,6021634,BT5_RES,2024-05-07,,ACTIVO
778,5691576,BT5_RES,2023-09-23,,ACTIVO
779,8892920,BT5_RES,2025-03-07,,ACTIVO
780,5813994,BT5_RES,2025-03-21,,ACTIVO
781,3297887,BT5_RES,2024-07-16,,ACTIVO
782,7561387,BT5_RES,2022-07-17,,ACTIVO
783,6381255,BT5_RES,2025-05-28,,ACTIVO
784,3120416,BT4_COM,2025-06-14,,ACTIVO
785,5148397,BT5_RES,2025-06-06,,ACTIVO
786,3560687,BT5_RES,2022-09-24,,ACTIVO
787,2291683,BT5_RES,2021-07-30,,ACTIVO
788,7243091,BT5_RES,2022-12-04,,ACTIVO
789,4902768,BT5_GEN,2025-06-09,,ACTIVO
790,7119806,BT5_GEN,2024-12-05,,ACTIVO
791,2784362,BT5_RES,2021-10-25,,ACTIVO
792,8348820,BT5_RES,2025-07-01,,ACTIVO
793,1942438,BT5_RES,2025-08-17,,ACTIVO
794,1346976,BT5_RES,2025-09-22,,ACTIVO
795,7206608,BT5_RES,2025-09-24,,ACTIVO
796,1703209,BT5_RES,2023-08-10,,ACTIVO
797,7555456,BT4_COM,2025-07-02,,ACTIVO
798,6688338,BT5_RES,2023-05-31,,ACTIVO
799,2783262,BT5_RES,2025-03-14,,ACTIVO
800,3873633,BT5_RES,2022-08-05,,ACTIVO
801,4286856,BT5_RES,2023-03-22,,ACTIVO
802,6085853,BT5_RES,2025-06-23,,ACTIVO
803,7911272,BT5_RES,2024-01-22,,ACTIVO
804,5126489,BT5_RES,2025-05-20,,ACTIVO
805,8429062,BT5_RES,2025-10-10,,ACTIVO
806,6205189,BT5_RES,2025-04-18,,ACTIVO
807,4400352,BT5_RES,2024-02-16,,ACTIVO
808,6546109,BT5_RES,2022-01-17,,ACTIVO
809,5726012,BT5_RES,2025-09-07,,ACTIVO
810,9076021,BT5_RES,2023-06-11,,ACTIVO
811,5268915,BT5_RES,2021-12-30,,ACTIVO
812,9146424,BT4_COM,2021-03-10,,ACTIVO
813,7192586,BT4_COM,2023-10-25,,ACTIVO
814,9545304,BT4_COM,2020-04-25,,ACTIVO
815,7159402,BT4_COM,2024-08-18,,ACTIVO
816,3654247,BT5_RES,2024-03-11,,ACTIVO
817,8671575,BT5_RES,2022-07-17,,ACTIVO
818,9339419,BT5_RES,2025-02-13,,ACTIVO
819,9795113,BT5_RES,2022-06-11,,ACTIVO
820,2089277,BT5_RES,2022-12-21,,ACTIVO
821,3229270,BT5_RES,2023-02-28,,ACTIVO
822,3420522,BT5_RES,2025-06-02,,ACTIVO
823,8296278,BT5_RES,2022-05-01,,ACTIVO
824,1830167,BT5_RES,2025-10-22,,ACTIVO
825,7050136,BT5_RES,2023-08-23,,ACTIVO
826,7599773,BT5_RES,2024-10-18,,ACTIVO
827,9271468,BT4_COM,2019-06-17,,ACTIVO
828,4539139,BT4_COM,2023-10-28,,ACTIVO
829,4509634,BT4_COM,2025-03-13,,ACTIVO
830,6511973,BT5_RES,2025-07-26,,ACTIVO
831,1421903,BT5_RES,2025-10-08,,ACTIVO
832,4515088,BT5_RES,2023-04-22,,ACTIVO
833,4829904,BT5_RES,2020-07-27,,ACTIVO
834,3871527,BT4_COM,2022-06-21,,ACTIVO
835,3130177,BT4_COM,2025-05-13,,ACTIVO
836,5397259,BT5_RES,2024-04-10,,ACTIVO
837,5152779,BT5_RES,2022-03-18,,ACTIVO
838,8304962,BT5_RES,2021-10-21,,ACTIVO
839,3295116,BT5_RES,2024-12-21,,ACTIVO
840,9619506,BT5_RES,2024-12-09,,ACTIVO
841,7417027,MT2_GEN,2025-04-12,,ACTIVO
842,7350618,BT4_COM,2023-11-28,,ACTIVO
843,4194008,BT5_RES,2021-03-28,,ACTIVO
844,1091920,BT5_RES,2024-11-07,,ACTIVO
845,2071182,BT4_COM,2025-06-12,,ACTIVO
846,4808567,BT5_RES,2024-07-17,,ACTIVO
847,3684846,BT5_RES,2025-08-02,,ACTIVO
848,5141808,BT5_RES,2025-05-29,,ACTIVO
849,1901381,BT5_RES,2021-02-14,,ACTIVO
850,9362128,BT5_RES,2022-06-26,,ACTIVO
851,6726262,BT5_RES,2024-03-19,,ACTIVO
852,6661940,BT5_RES,2022-08-12,,ACTIVO
853,4418739,BT4_COM,2022-07-04,,ACTIVO
854,7570711,BT5_RES,2022-10-04,,ACTIVO
855,7665749,BT5_RES,2025-04-07,,ACTIVO
856,2082282,BT5_RES,2025-06-13,,ACTIVO
857,6217280,BT5_RES,2025-08-06,,ACTIVO
858,7379904,BT5_RES,2025-03-05,,ACTIVO
859,4038798,BT5_RES,2024-01-21,,ACTIVO
860,8103593,BT5_RES,2024-03-05,,ACTIVO
861,3931769,BT5_RES,2025-07-30,,ACTIVO
862,6491027,BT5_RES,2025-09-24,,ACTIVO
863,4782539,BT4_COM,2025-06-18,,ACTIVO
864,7002421,BT5_RES,2024-10-24,,ACTIVO
865,9978900,BT5_RES,2025-08-01,,ACTIVO
866,1627600,BT5_RES,2019-04-21,,ACTIVO
867,4105536,BT5_RES,2022-08-19,,ACTIVO
868,8338858,BT5_GEN,2025-06-26,,ACTIVO
869,6732123,BT5_GEN,2022-08-13,,ACTIVO
870,8685509,BT5_RES,2025-07-03,,ACTIVO
871,2842785,BT5_RES,2023-05-24,,ACTIVO
872,1309406,BT5_RES,2024-12-02,,ACTIVO
873,9350038,BT5_RES,2023-05-13,,ACTIVO
874,1309197,BT5_RES,2022-04-15,,ACTIVO
875,1956656,BT5_RES,2025-09-14,,ACTIVO
876,7734713,BT5_RES,2023-06-14,,ACTIVO
877,2051675,BT5_RES,2024-12-05,,ACTIVO
878,3746695,BT4_COM,2025-10-24,,ACTIVO
879,2600716,BT5_RES,2025-10-22,,ACTIVO
880,3220400,BT5_RES,2023-05-16,,ACTIVO
881,6633979,BT5_RES,2023-07-15,,ACTIVO
882,4194196,BT5_RES,2023-07-04,,ACTIVO
883,5286749,BT5_RES,2024-04-14,,ACTIVO
884,5060785,BT5_RES,2022-09-23,,ACTIVO
885,4183129,BT5_RES,2023-05-27,,ACTIVO
886,5132248,BT5_RES,2023-08-03,,ACTIVO
887,8421571,BT5_RES,2025-04-01,,ACTIVO
888,1386122,BT5_RES,2024-10-26,,ACTIVO
889,1608149,BT5_RES,2023-06-09,,ACTIVO
890,2174605,BT5_RES,2022-03-15,,ACTIVO
891,9503891,BT5_RES,2025-07-22,,ACTIVO
892,4646793,BT4_COM,2025-03-02,,ACTIVO
893,9002972,MT2_GEN,2019-08-03,,ACTIVO
894,6529457,MT2_GEN,2019-01-24,,ACTIVO
895,3313547,BT5_RES,2025-09-01,,ACTIVO
896,3764520,BT5_RES,2025-10-24,,ACTIVO
897,9351587,BT5_RES,2023-10-01,,ACTIVO
898,9032525,BT5_RES,2025-10-01,,ACTIVO
899,4990722,BT5_RES,2025-07-28,,ACTIVO
900,2928789,BT5_RES,2024-06-03,,ACTIVO
901,8093843,BT5_RES,2023-09-25,,ACTIVO
902,2827384,BT5_RES,2023-10-09,,ACTIVO
903,8740637,BT5_RES,2025-07-25,,ACTIVO
904,2066332,BT5_RES,2025-05-16,,ACTIVO
905,6889142,BT5_RES,2024-09-15,,ACTIVO
906,2212491,BT5_RES,2023-07-14,,ACTIVO
907,3393632,BT5_RES,2024-09-21,,ACTIVO
908,8568359,BT5_RES,2023-12-23,,ACTIVO
909,9948824,BT5_RES,2022-05-17,,ACTIVO
910,4875187,BT5_RES,2021-04-03,,ACTIVO
911,3347106,BT5_RES,2021-04-23,,ACTIVO
912,5178899,BT5_GEN,2025-04-28,,ACTIVO
913,4740713,BT5_RES,2025-04-16,,ACTIVO
914,5114637,BT5_RES,2021-08-21,,ACTIVO
915,3752638,BT5_RES,2022-08-18,,ACTIVO
916,2428266,BT4_COM,2023-03-11,,ACTIVO
917,5458762,MT2_GEN,2025-09-06,,ACTIVO
918,6141040,BT5_RES,2021-09-07,,ACTIVO
919,2593397,BT5_RES,2022-05-07,,ACTIVO
920,5062828,BT5_RES,2024-01-28,,ACTIVO
921,4942428,BT4_COM,2022-07-04,,ACTIVO
922,1069609,BT4_COM,2024-12-29,,ACTIVO
923,5313689,BT5_RES,2025-10-28,,ACTIVO
924,7252179,BT5_RES,2021-06-28,,ACTIVO
925,7087069,MT2_GEN,2024-05-29,,ACTIVO
926,2937877,BT4_COM,2025-02-17,,ACTIVO
927,5010776,BT4_COM,2021-08-13,,ACTIVO
928,9625061,BT5_RES,2023-04-14,,ACTIVO
929,6231182,BT5_RES,2024-12-08,,ACTIVO
930,1236729,BT5_RES,2024-03-12,,ACTIVO
931,2064715,BT5_RES,2023-06-07,,ACTIVO
932,5691480,BT5_RES,2025-03-21,,ACTIVO
933,2323095,BT5_RES,2020-11-26,,ACTIVO
934,9725966,BT4_COM,2025-02-08,,ACTIVO
935,9664351,BT5_RES,2025-03-12,,ACTIVO
936,7650855,BT5_RES,2024-11-29,,ACTIVO
937,5114321,BT4_COM,2021-08-04,,ACTIVO
938,7169612,BT5_RES,2024-09-26,,ACTIVO
939,6610251,BT5_RES,2025-05-18,,ACTIVO
940,8818885,BT5_RES,2020-08-29,,ACTIVO
941,4512240,BT5_RES,2024-09-08,,ACTIVO
942,8329380,BT5_RES,2025-09-06,,ACTIVO
943,9145302,MT2_GEN,2025-08-07,,ACTIVO
944,1649556,MT2_GEN,2023-01-25,,ACTIVO
945,2238873,BT5_RES,2023-12-29,,ACTIVO
946,1925190,BT5_RES,2024-05-10,,ACTIVO
947,2811211,BT5_RES,2022-08-11,,ACTIVO
948,2691640,BT5_RES,2025-09-30,,ACTIVO
949,8946068,BT5_RES,2025-08-09,,ACTIVO
950,7555698,BT5_RES,2025-10-10,,ACTIVO
951,4304186,BT5_RES,2025-10-11,,ACTIVO
952,9780491,BT5_RES,2021-06-28,,ACTIVO
953,9881328,BT5_RES,2022-10-15,,ACTIVO
954,1175985,BT5_RES,2024-01-25,,ACTIVO
955,4416901,BT5_RES,2025-09-02,,ACTIVO
956,6821262,BT5_RES,2020-04-14,,ACTIVO
957,3561186,BT5_RES,2024-01-07,,ACTIVO
958,3168801,BT5_RES,2025-04-28,,ACTIVO
959,3748955,BT5_RES,2025-10-20,,ACTIVO
960,6076945,BT5_RES,2023-07-01,,ACTIVO
961,5357820,BT5_RES,2021-02-14,,ACTIVO
962,2056441,BT5_RES,2025-03-05,,ACTIVO
963,8497469,BT5_RES,2023-07-23,,ACTIVO
964,1305858,BT5_RES,2022-12-19,,ACTIVO
965,2509233,BT5_RES,2020-12-28,,ACTIVO
966,5605061,BT4_COM,2025-02-04,,ACTIVO
967,9411805,MT2_GEN,2025-08-23,,ACTIVO
968,2295707,BT5_RES,2025-08-11,,ACTIVO
969,5392876,BT5_RES,2023-07-07,,ACTIVO
970,7895307,BT4_COM,2022-01-19,,ACTIVO
971,8770100,BT5_RES,2024-11-14,,ACTIVO
972,6680919,BT5_RES,2025-03-29,,ACTIVO
973,3060612,BT5_RES,2023-04-12,,ACTIVO
974,3119384,BT5_RES,2025-03-24,,ACTIVO
975,8794506,BT5_RES,2025-10-05,,ACTIVO
976,3313174,BT5_RES,2025-10-07,,ACTIVO
977,6190193,BT5_GEN,2025-02-19,,ACTIVO
978,9946023,BT5_RES,2023-04-26,,ACTIVO
979,6456441,BT5_RES,2022-01-21,,ACTIVO
980,9355404,BT5_RES,2025-03-14,,ACTIVO
981,5846007,BT5_RES,2025-06-22,,ACTIVO
982,3839336,BT5_RES,2023-12-22,,ACTIVO
983,4329439,BT5_RES,2025-10-03,,ACTIVO
984,4761910,BT5_RES,2023-08-27,,ACTIVO
985,8629402,BT5_RES,2023-03-18,,ACTIVO
986,6278129,BT5_RES,2022-07-03,,ACTIVO
987,2207122,BT4_COM,2025-04-19,,ACTIVO
988,2569696,BT5_GEN,2025-09-18,,ACTIVO
989,8905332,BT5_RES,2025-06-13,,ACTIVO
990,5162014,BT5_RES,2024-02-25,,ACTIVO
991,8474287,BT5_RES,2022-08-28,,ACTIVO
992,7629075,BT5_RES,2021-12-06,,ACTIVO
993,4936528,BT5_RES,2023-10-20,,ACTIVO
994,7530914,BT5_RES,2022-01-07,,ACTIVO
995,6192150,MT2_GEN,2020-05-02,,ACTIVO
996,6408019,BT5_RES,2023-01-15,,ACTIVO
997,9999606,BT5_RES,2023-12-09,,ACTIVO
998,9951112,MT2_GEN,2025-01-19,,ACTIVO
999,5716006,BT5_RES,2022-04-11,,ACTIVO
1000,1326493,BT5_RES,2024-03-21,,ACTIVO
1001,9853332,BT5_RES,2023-11-08,,ACTIVO
1002,2804110,BT5_RES,2024-08-15,,ACTIVO
1003,8369500,BT5_RES,2019-07-19,,ACTIVO
1004,3137352,BT5_RES,2025-08-03,,ACTIVO
1005,3328649,BT5_RES,2024-02-25,,ACTIVO
1006,9060783,MT2_GEN,2024-08-16,,ACTIVO
1007,8191662,BT5_RES,2025-08-24,,ACTIVO
1008,3328059,BT5_RES,2025-07-26,,ACTIVO
1009,8735550,BT5_RES,2018-12-18,,ACTIVO
1010,3036733,BT5_RES,2025-06-28,,ACTIVO
1011,5599728,BT5_RES,2025-10-13,,ACTIVO
1012,3350208,BT5_GEN,2024-09-07,,ACTIVO
1013,5158785,BT5_RES,2025-08-09,,ACTIVO
1014,2428411,BT5_RES,2021-09-22,,ACTIVO
1015,2663345,BT5_RES,2021-07-16,,ACTIVO
1016,5723615,BT5_RES,2025-08-11,,ACTIVO
1017,6668482,BT5_RES,2025-01-06,,ACTIVO
1018,3296757,BT5_RES,2025-03-20,,ACTIVO
1019,6299505,BT5_RES,2025-02-15,,ACTIVO
1020,8332032,BT5_RES,2024-11-09,,ACTIVO
1021,5960306,BT5_RES,2025-01-06,,ACTIVO
1022,2325291,BT5_RES,2025-06-24,,ACTIVO
1023,5143544,BT5_RES,2023-10-11,,ACTIVO
1024,1905848,MT2_GEN,2024-05-28,,ACTIVO
1025,9798665,BT5_RES,2025-05-21,,ACTIVO
1026,7599059,BT5_RES,2025-04-20,,ACTIVO
1027,7223556,BT5_RES,2025-07-26,,ACTIVO
1028,8135679,BT5_RES,2021-12-05,,ACTIVO
1029,1585388,BT5_RES,2024-07-11,,ACTIVO
1030,5394471,BT4_COM,2025-05-01,,ACTIVO
1031,4747859,BT4_COM,2025-04-17,,ACTIVO
1032,5931735,BT5_RES,2024-04-06,,ACTIVO
1033,8746361,BT5_RES,2024-01-20,,ACTIVO
1034,4612457,BT5_GEN,2025-01-31,,ACTIVO
1035,8667277,BT5_GEN,2025-05-05,,ACTIVO
1036,2195935,BT5_RES,2020-07-22,,ACTIVO
1037,4522071,BT5_RES,2020-02-13,,ACTIVO
1038,4655492,BT5_RES,2021-08-08,,ACTIVO
1039,3826243,BT5_RES,2024-06-20,,ACTIVO
1040,9593954,BT5_RES,2020-02-28,,ACTIVO
1041,6043106,BT5_RES,2022-10-28,,ACTIVO
1042,3205058,BT5_RES,2025-04-10,,ACTIVO
1043,6260840,BT5_RES,2023-11-18,,ACTIVO
1044,4095309,BT5_RES,2025-06-21,,ACTIVO
1045,5752632,BT5_RES,2023-07-05,,ACTIVO
1046,2357657,BT5_RES,2020-12-13,,ACTIVO
1047,7773168,BT5_RES,2025-08-17,,ACTIVO
1048,6980939,BT5_RES,2025-05-30,,ACTIVO
1049,4949229,BT5_RES,2025-03-17,,ACTIVO
1050,8013082,BT5_RES,2024-03-09,,ACTIVO
1051,8531047,BT5_RES,2025-06-05,,ACTIVO
1052,3664424,BT5_RES,2023-12-11,,ACTIVO
1053,1130653,BT5_RES,2022-12-18,,ACTIVO
1054,5864651,BT5_RES,2021-09-29,,ACTIVO
1055,9451665,BT5_RES,2022-10-22,,ACTIVO
1056,1129303,BT5_RES,2023-06-01,,ACTIVO
1057,4723307,BT5_RES,2025-07-27,,ACTIVO
1058,8349391,BT5_RES,2022-08-06,,ACTIVO
1059,8312098,BT5_RES,2025-08-31,,ACTIVO
1060,3869551,BT5_RES,2019-04-23,,ACTIVO
1061,5969135,BT5_RES,2019-01-15,,ACTIVO
1062,6238069,BT5_RES,2025-09-20,,ACTIVO
1063,6023321,BT5_RES,2025-08-09,,ACTIVO
1064,1937721,BT4_COM,2025-04-24,,ACTIVO
1065,4960717,BT5_RES,2024-09-06,,ACTIVO
1066,8417498,BT5_RES,2019-08-09,,ACTIVO
1067,4785385,BT5_RES,2024-01-27,,ACTIVO
1068,1001973,BT5_RES,2024-10-21,,ACTIVO
1069,1668626,BT5_RES,2023-11-14,,ACTIVO
1070,7111578,BT5_RES,2025-06-30,,ACTIVO
1071,5919475,BT5_RES,2025-01-15,,ACTIVO
1072,3389307,BT5_RES,2025-05-30,,ACTIVO
1073,8101781,BT5_RES,2025-09-15,,ACTIVO
1074,2077874,BT5_RES,2025-09-02,,ACTIVO
1075,4244794,BT5_RES,2023-09-29,,ACTIVO
1076,8712834,BT5_RES,2025-04-12,,ACTIVO
1077,3824300,BT5_RES,2024-11-15,,ACTIVO
1078,1371214,BT4_COM,2024-07-27,,ACTIVO
1079,3479096,BT5_RES,2022-06-11,,ACTIVO
1080,3062399,BT5_RES,2022-08-26,,ACTIVO
1081,3437119,BT5_RES,2020-03-12,,ACTIVO
1082,3987571,BT4_COM,2025-07-24,,ACTIVO
1083,9962410,BT5_RES,2023-12-16,,ACTIVO
1084,9693945,BT5_RES,2022-03-08,,ACTIVO
1085,1107955,BT5_RES,2022-07-02,,ACTIVO
1086,1993385,BT5_GEN,2018-11-05,,ACTIVO
1087,2509867,BT5_RES,2025-01-23,,ACTIVO
1088,5063547,BT5_RES,2025-09-30,,ACTIVO
1089,8799404,BT4_COM,2023-11-01,,ACTIVO
1090,9038577,BT5_RES,2021-12-15,,ACTIVO
1091,9835867,MT2_GEN,2021-05-19,,ACTIVO
1092,9586616,BT5_RES,2023-01-23,,ACTIVO
1093,7017769,BT5_RES,2021-02-24,,ACTIVO
1094,4051154,BT5_RES,2024-07-23,,ACTIVO
1095,8074458,BT5_RES,2025-09-12,,ACTIVO
1096,9166439,BT5_RES,2025-06-15,,ACTIVO
1097,2576856,BT5_RES,2021-12-06,,ACTIVO
1098,1415603,MT2_GEN,2025-03-05,,ACTIVO
1099,5324494,BT5_RES,2025-09-25,,ACTIVO
1100,4565539,BT4_COM,2024-06-05,,ACTIVO
1101,7437478,BT5_RES,2023-02-16,,ACTIVO
1102,6756593,BT5_RES,2023-02-28,,ACTIVO
1103,9455316,BT5_RES,2020-01-21,,ACTIVO
1104,1317800,BT5_RES,2024-10-11,,ACTIVO
1105,9990069,BT5_RES,2024-06-26,,ACTIVO
1106,4049267,BT5_RES,2025-04-27,,ACTIVO
1107,3907985,BT5_RES,2022-08-29,,ACTIVO
1108,4356417,BT5_RES,2021-06-19,,ACTIVO
1109,5903090,BT5_RES,2020-10-04,,ACTIVO
1110,3986202,BT5_RES,2025-03-16,,ACTIVO
1111,9380859,BT5_RES,2024-10-03,,ACTIVO
1112,1317123,BT5_RES,2025-02-09,,ACTIVO
1113,7751647,BT5_RES,2025-02-10,,ACTIVO
1114,3335925,BT5_RES,2025-07-05,,ACTIVO
1115,6261160,BT5_RES,2025-10-22,,ACTIVO
1116,9338970,BT4_COM,2025-04-17,,ACTIVO
1117,8715872,BT5_RES,2025-05-19,,ACTIVO
1118,5744370,BT5_RES,2025-01-25,,ACTIVO
1119,3380130,BT5_RES,2024-05-19,,ACTIVO
1120,2880819,BT5_RES,2025-06-01,,ACTIVO
1121,4787121,BT5_RES,2023-06-17,,ACTIVO
1122,8915265,BT5_RES,2023-06-04,,ACTIVO
1123,6457877,BT5_RES,2022-03-11,,ACTIVO
1124,2269402,BT5_RES,2024-04-01,,ACTIVO
1125,4434309,BT5_RES,2024-04-28,,ACTIVO
1126,7226035,BT5_RES,2025-09-19,,ACTIVO
1127,1385719,BT5_RES,2025-09-24,,ACTIVO
1128,4409036,BT5_RES,2025-01-24,,ACTIVO
1129,5986966,BT5_RES,2024-12-30,,ACTIVO
1130,9387623,BT5_RES,2024-02-05,,ACTIVO
1131,7855547,BT5_RES,2022-09-27,,ACTIVO
1132,1596179,BT5_RES,2022-12-02,,ACTIVO
1133,9017699,BT5_RES,2024-11-01,,ACTIVO
1134,8617560,BT5_RES,2025-08-16,,ACTIVO
1135,4721195,BT5_RES,2023-11-23,,ACTIVO
1136,4466064,BT5_RES,2021-07-07,,ACTIVO
1137,7400787,BT5_RES,2024-06-06,,ACTIVO
1138,3020358,BT5_RES,2025-06-07,,ACTIVO
1139,7317913,BT5_RES,2025-09-12,,ACTIVO
1140,6802080,BT5_RES,2023-03-28,,ACTIVO
1141,2740932,BT5_RES,2022-10-20,,ACTIVO
1142,4191338,BT5_RES,2020-05-12,,ACTIVO
1143,4316098,BT5_RES,2021-03-23,,ACTIVO
1144,1739280,BT5_RES,2025-09-14,,ACTIVO
1145,4681640,BT5_RES,2020-05-25,,ACTIVO
1146,9813085,BT4_COM,2024-09-29,,ACTIVO
1147,9907342,BT5_RES,2023-07-22,,ACTIVO
1148,4376734,BT5_RES,2023-02-10,,ACTIVO
1149,3909676,BT4_COM,2025-05-23,,ACTIVO
1150,5326442,BT5_RES,2025-03-25,,ACTIVO
1151,7918748,BT5_RES,2025-04-21,,ACTIVO
1152,5800970,BT5_RES,2021-07-06,,ACTIVO
1153,4139342,BT5_RES,2024-11-28,,ACTIVO
1154,2728880,BT5_RES,2024-01-13,,ACTIVO
1155,1085750,BT5_RES,2024-06-13,,ACTIVO
1156,6234561,BT5_RES,2025-10-02,,ACTIVO
1157,5371908,BT5_RES,2024-11-03,,ACTIVO
1158,8299357,BT5_RES,2021-10-28,,ACTIVO
1159,2373574,BT5_RES,2021-06-30,,ACTIVO
1160,1238610,BT5_RES,2018-12-02,,ACTIVO
1161,6473872,BT5_RES,2025-10-05,,ACTIVO
1162,7576282,BT5_RES,2022-09-28,,ACTIVO
1163,7826316,BT5_RES,2022-02-25,,ACTIVO
1164,6833813,BT5_RES,2025-05-06,,ACTIVO
1165,6208204,BT5_RES,2025-05-15,,ACTIVO
1166,8844355,BT5_RES,2024-08-08,,ACTIVO
1167,9295012,BT5_RES,2024-11-19,,ACTIVO
1168,7507718,BT5_RES,2025-10-26,,ACTIVO
1169,3559048,BT5_RES,2025-09-07,,ACTIVO
1170,4037482,BT5_RES,2024-08-08,,ACTIVO
1171,2552523,BT5_RES,2023-10-08,,ACTIVO
1172,8248553,BT5_RES,2025-06-21,,ACTIVO
1173,2466072,BT5_RES,2023-09-02,,ACTIVO
1174,7090660,BT5_RES,2022-06-28,,ACTIVO
1175,4471806,BT5_RES,2025-09-27,,ACTIVO
1176,1902229,BT5_RES,2022-05-14,,ACTIVO
1177,1088935,BT5_RES,2020-07-21,,ACTIVO
1178,7821774,BT5_RES,2021-10-15,,ACTIVO
1179,3914096,BT5_RES,2025-02-05,,ACTIVO
1180,2692794,BT5_RES,2025-03-18,,ACTIVO
1181,4720100,BT5_RES,2025-04-03,,ACTIVO
1182,6201625,BT5_RES,2024-01-09,,ACTIVO
1183,7141252,BT5_RES,2023-06-05,,ACTIVO
1184,5460455,BT5_RES,2025-10-17,,ACTIVO
1185,3721671,BT5_RES,2024-10-25,,ACTIVO
1186,6172851,BT5_RES,2020-10-19,,ACTIVO
1187,9992752,BT5_RES,2025-04-22,,ACTIVO
1188,3830067,MT2_GEN,2025-10-16,,ACTIVO
1189,9737984,BT5_RES,2025-09-07,,ACTIVO
1190,9000885,BT5_RES,2025-09-04,,ACTIVO
1191,1661710,BT5_RES,2025-10-30,,ACTIVO
1192,6053968,BT5_RES,2025-05-03,,ACTIVO
1193,5820071,BT5_RES,2025-05-01,,ACTIVO
1194,5767307,BT5_RES,2024-02-02,,ACTIVO
1195,7529926,BT5_RES,2022-03-25,,ACTIVO
1196,1499232,BT5_RES,2024-12-03,,ACTIVO
1197,2075133,BT5_RES,2021-12-19,,ACTIVO
1198,2004430,BT5_RES,2023-02-28,,ACTIVO
1199,6997030,BT5_RES,2019-10-23,,ACTIVO
1200,2430344,BT5_RES,2024-07-07,,ACTIVO
1201,5357474,BT5_RES,2024-08-30,,ACTIVO
1202,2212250,BT5_RES,2023-05-01,,ACTIVO
1203,4647244,BT5_RES,2025-03-17,,ACTIVO
1204,1728101,BT5_RES,2025-10-12,,ACTIVO
1205,9935550,BT5_RES,2025-09-09,,ACTIVO
1206,9524218,BT5_RES,2024-07-05,,ACTIVO
1207,8711726,BT5_RES,2022-10-24,,ACTIVO
1208,9697769,BT5_RES,2025-04-09,,ACTIVO
1209,1749894,BT5_RES,2025-03-04,,ACTIVO
1210,3136737,BT5_RES,2024-03-27,,ACTIVO
1211,5764067,BT5_RES,2019-10-16,,ACTIVO
1212,5449512,BT5_RES,2023-01-03,,ACTIVO
1213,6634980,BT5_RES,2025-06-20,,ACTIVO
1214,7969652,BT5_RES,2023-03-26,,ACTIVO
1215,5570333,BT5_RES,2024-09-15,,ACTIVO
1216,4026317,BT5_RES,2024-01-25,,ACTIVO
1217,4194668,BT5_RES,2024-02-18,,ACTIVO
1218,4606651,BT5_RES,2024-09-29,,ACTIVO
1219,8694281,BT5_RES,2025-02-12,,ACTIVO
1220,7882309,BT5_RES,2025-05-05,,ACTIVO
1221,5125515,BT5_RES,2025-05-04,,ACTIVO
1222,1324375,BT5_RES,2023-10-24,,ACTIVO
1223,3834939,BT4_COM,2023-12-03,,ACTIVO
1224,5535619,BT5_RES,2024-04-15,,ACTIVO
1225,7970230,BT5_RES,2022-08-25,,ACTIVO
1226,9378778,BT5_RES,2025-09-03,,ACTIVO
1227,1878529,BT5_RES,2025-02-12,,ACTIVO
1228,6672681,BT5_RES,2021-04-21,,ACTIVO
1229,5775989,BT5_RES,2025-06-21,,ACTIVO
1230,9716547,BT4_COM,2024-11-21,,ACTIVO
1231,1528797,BT5_RES,2020-04-22,,ACTIVO
1232,4311056,BT5_RES,2024-12-05,,ACTIVO
1233,9067915,BT5_RES,2025-10-28,,ACTIVO
1234,3255241,BT5_RES,2024-08-18,,ACTIVO
1235,7134238,BT4_COM,2025-10-04,,ACTIVO
1236,6971694,MT2_GEN,2024-04-13,,ACTIVO
1237,7225408,BT5_RES,2018-12-25,,ACTIVO
1238,6424075,BT5_RES,2022-09-19,,ACTIVO
1239,7108712,BT5_RES,2024-12-12,,ACTIVO
1240,1785848,BT5_RES,2024-03-12,,ACTIVO
1241,2943777,BT4_COM,2023-05-17,,ACTIVO
1242,3990396,BT4_COM,2021-01-19,,ACTIVO
1243,6472610,BT5_RES,2023-04-29,,ACTIVO
1244,5267929,BT5_RES,2025-05-24,,ACTIVO
1245,4196407,BT5_RES,2020-10-27,,ACTIVO
1246,9595200,BT5_RES,2024-03-24,,ACTIVO
1247,6617557,BT5_RES,2018-10-13,,ACTIVO
1248,5193769,BT5_RES,2020-11-29,,ACTIVO
1249,8927023,BT5_RES,2024-05-02,,ACTIVO
1250,5791366,BT5_RES,2024-06-05,,ACTIVO
1251,4770696,BT5_RES,2024-04-11,,ACTIVO
1252,6427571,BT5_RES,2024-04-10,,ACTIVO
1253,9272998,BT4_COM,2024-05-07,,ACTIVO
1254,6835097,BT5_RES,2024-10-03,,ACTIVO
1255,8120035,BT5_RES,2024-03-14,,ACTIVO
1256,6966139,BT5_RES,2023-05-16,,ACTIVO
1257,9287057,BT5_RES,2024-03-03,,ACTIVO
1258,9197904,BT5_RES,2020-04-10,,ACTIVO
1259,1945574,BT5_RES,2025-08-28,,ACTIVO
1260,2699120,BT5_RES,2025-09-13,,ACTIVO
1261,7359194,BT5_RES,2025-09-07,,ACTIVO
1262,3351194,BT5_RES,2024-03-29,,ACTIVO
1263,9930494,BT4_COM,2024-10-29,,ACTIVO
1264,5887209,BT4_COM,2025-04-30,,ACTIVO
1265,9282003,BT5_RES,2023-02-11,,ACTIVO
1266,2151795,BT5_RES,2021-12-22,,ACTIVO
1267,5597647,BT5_RES,2024-05-14,,ACTIVO
1268,5816134,BT5_RES,2019-01-21,,ACTIVO
1269,2976538,BT5_RES,2024-08-06,,ACTIVO
1270,3083811,BT5_RES,2025-03-28,,ACTIVO
1271,3977984,BT5_RES,2023-05-08,,ACTIVO
1272,9285081,BT5_RES,2020-01-22,,ACTIVO
1273,6994376,BT5_RES,2019-05-29,,ACTIVO
1274,3423375,BT5_RES,2021-09-20,,ACTIVO
1275,7060655,BT5_RES,2025-09-20,,ACTIVO
1276,2147076,BT5_RES,2024-10-08,,ACTIVO
1277,4603162,BT5_RES,2023-06-15,,ACTIVO
1278,6976643,BT5_RES,2025-02-25,,ACTIVO
1279,2296277,BT5_RES,2021-11-13,,ACTIVO
1280,8336971,BT5_RES,2025-01-08,,ACTIVO
1281,2857805,BT5_RES,2021-02-15,,ACTIVO
1282,8241732,BT5_GEN,2024-05-30,,ACTIVO
1283,1917474,BT5_RES,2022-05-05,,ACTIVO
1284,8380642,BT5_RES,2020-09-20,,ACTIVO
1285,3921016,BT5_RES,2023-04-10,,ACTIVO
1286,9642669,BT5_RES,2023-08-31,,ACTIVO
1287,5007893,BT5_RES,2025-09-11,,ACTIVO
1288,2006793,BT4_COM,2019-11-26,,ACTIVO
1289,4586429,MT2_GEN,2021-07-21,,ACTIVO
1290,9774862,BT5_RES,2021-08-13,,ACTIVO
1291,3683084,BT5_RES,2023-01-21,,ACTIVO
1292,4012480,BT5_RES,2022-02-14,,ACTIVO
1293,1776816,BT5_RES,2024-07-23,,ACTIVO
1294,1070773,BT5_RES,2022-07-24,,ACTIVO
1295,3644281,BT5_RES,2022-02-21,,ACTIVO
1296,2994324,BT5_RES,2025-03-12,,ACTIVO
1297,5121251,MT2_GEN,2025-04-07,,ACTIVO
1298,6674494,BT5_RES,2021-01-15,,ACTIVO
1299,1606514,BT4_COM,2024-04-04,,ACTIVO
1300,4945591,BT5_RES,2020-08-20,,ACTIVO
1301,9022536,BT5_RES,2022-07-15,,ACTIVO
1302,7394651,BT4_COM,2024-05-23,,ACTIVO
1303,6787589,BT4_COM,2025-08-08,,ACTIVO
1304,4088869,BT4_COM,2021-08-01,,ACTIVO
1305,6399296,BT5_RES,2025-03-16,,ACTIVO
1306,1799544,BT5_RES,2025-09-14,,ACTIVO
1307,3342324,BT5_RES,2025-04-24,,ACTIVO
1308,8199344,BT5_RES,2021-01-13,,ACTIVO
1309,4972537,BT5_RES,2025-01-26,,ACTIVO
1310,9700548,BT5_RES,2025-01-21,,ACTIVO
1311,3074783,BT5_RES,2023-05-24,,ACTIVO
1312,5574382,BT4_COM,2019-04-01,,ACTIVO
1313,2088023,BT5_RES,2024-01-20,,ACTIVO
1314,9991412,BT5_RES,2025-10-11,,ACTIVO
1315,2125079,BT5_RES,2025-10-02,,ACTIVO
1316,1297324,BT5_RES,2024-02-17,,ACTIVO
1317,2486737,BT5_RES,2022-12-22,,ACTIVO
1318,6883460,BT5_RES,2022-05-22,,ACTIVO
1319,3589110,BT5_RES,2021-07-19,,ACTIVO
1320,8366961,BT5_RES,2025-08-30,,ACTIVO
1321,9796064,BT5_RES,2025-08-12,,ACTIVO
1322,7878411,BT5_RES,2024-01-10,,ACTIVO
1323,8619820,BT5_RES,2025-03-08,,ACTIVO
1324,1911472,BT5_RES,2025-08-03,,ACTIVO
1325,1876613,BT5_RES,2025-05-15,,ACTIVO
1326,4831857,BT5_RES,2025-05-06,,ACTIVO
1327,2098470,BT5_RES,2025-04-06,,ACTIVO
1328,3788347,BT5_RES,2025-08-04,,ACTIVO
1329,1300467,BT5_RES,2025-03-26,,ACTIVO
1330,7531559,BT5_RES,2023-04-27,,ACTIVO
1331,4176945,BT5_RES,2022-04-26,,ACTIVO
1332,4510969,BT5_RES,2024-10-16,,ACTIVO
1333,9680241,BT5_RES,2024-09-12,,ACTIVO
1334,2377993,BT5_RES,2022-09-13,,ACTIVO
1335,5966009,BT5_RES,2023-08-10,,ACTIVO
1336,1915389,BT5_RES,2021-06-16,,ACTIVO
1337,7724335,BT5_RES,2022-05-13,,ACTIVO
1338,8858286,BT5_RES,2022-10-14,,ACTIVO
1339,8708247,BT5_RES,2023-09-27,,ACTIVO
1340,9121411,BT5_RES,2025-02-22,,ACTIVO
1341,6226999,BT5_RES,2024-11-09,,ACTIVO
1342,2546332,BT5_RES,2024-12-25,,ACTIVO
1343,3225883,BT5_RES,2025-05-23,,ACTIVO
1344,8060197,BT4_COM,2023-12-04,,ACTIVO
1345,9150628,BT5_RES,2023-07-22,,ACTIVO
1346,4934270,BT5_RES,2025-07-31,,ACTIVO
1347,2860457,BT5_RES,2022-07-15,,ACTIVO
1348,8113504,BT5_RES,2021-02-22,,ACTIVO
1349,6883277,BT4_COM,2022-12-13,,ACTIVO
1350,9418593,BT5_RES,2023-03-05,,ACTIVO
1351,4402792,BT5_RES,2022-06-15,,ACTIVO
1352,7383047,BT5_RES,2025-01-02,,ACTIVO
1353,6482744,BT5_RES,2025-10-19,,ACTIVO
1354,6909521,BT5_RES,2023-07-17,,ACTIVO
1355,3237108,BT5_RES,2025-10-21,,ACTIVO
1356,6938267,BT5_RES,2025-01-03,,ACTIVO
1357,2718874,BT5_RES,2021-09-22,,ACTIVO
1358,2033034,BT5_RES,2025-07-16,,ACTIVO
1359,7404851,BT5_RES,2023-09-19,,ACTIVO
1360,2388161,BT5_RES,2025-03-13,,ACTIVO
1361,8825355,BT5_RES,2022-11-20,,ACTIVO
1362,9707878,BT5_RES,2024-12-10,,ACTIVO
1363,5559054,BT5_RES,2022-02-09,,ACTIVO
1364,7244800,BT5_RES,2024-08-12,,ACTIVO
1365,6318857,BT5_RES,2023-09-15,,ACTIVO
1366,9225291,BT5_RES,2021-02-03,,ACTIVO
1367,2277593,BT5_RES,2020-07-13,,ACTIVO
1368,6766379,BT5_RES,2025-08-18,,ACTIVO
1369,1512676,BT5_RES,2025-03-27,,ACTIVO
1370,4091107,BT5_RES,2025-02-08,,ACTIVO
1371,7970021,BT5_RES,2025-06-03,,ACTIVO
1372,7815903,BT5_RES,2025-03-31,,ACTIVO
1373,7303916,MT2_GEN,2023-12-06,,ACTIVO
1374,8560374,BT5_RES,2023-04-20,,ACTIVO
1375,9777131,BT5_GEN,2024-06-29,,ACTIVO
1376,5738516,BT4_COM,2023-06-26,,ACTIVO
1377,6175800,BT4_COM,2024-10-17,,ACTIVO
1378,7234194,BT5_RES,2024-12-26,,ACTIVO
1379,9544763,BT4_COM,2024-12-01,,ACTIVO
1380,9118026,BT4_COM,2025-09-06,,ACTIVO
1381,4785889,BT5_RES,2020-04-17,,ACTIVO
1382,8873631,BT5_RES,2024-01-14,,ACTIVO
1383,6638238,BT5_RES,2024-08-07,,ACTIVO
1384,7328609,MT2_GEN,2021-04-06,,ACTIVO
1385,2353133,BT5_RES,2022-12-30,,ACTIVO
1386,5631801,BT5_RES,2023-09-14,,ACTIVO
1387,6283559,BT5_RES,2024-06-23,,ACTIVO
1388,4987701,BT5_RES,2022-09-04,,ACTIVO
1389,4397613,BT5_GEN,2022-09-16,,ACTIVO
1390,2274912,BT5_RES,2025-05-14,,ACTIVO
1391,4553916,BT5_RES,2024-04-06,,ACTIVO
1392,6726699,BT5_RES,2023-03-02,,ACTIVO
1393,8165238,BT5_RES,2019-04-11,,ACTIVO
1394,1631696,BT5_RES,2021-11-02,,ACTIVO
1395,9011940,BT5_RES,2020-04-21,,ACTIVO
1396,4095158,BT5_RES,2024-07-16,,ACTIVO
1397,8519900,BT5_RES,2023-09-16,,ACTIVO
1398,6577977,MT2_GEN,2024-02-17,,ACTIVO
1399,2040382,BT5_RES,2025-03-19,,ACTIVO
1400,1049232,BT5_RES,2025-08-13,,ACTIVO
1401,8599876,BT5_RES,2021-04-08,,ACTIVO
1402,1781315,BT5_RES,2025-03-21,,ACTIVO
1403,6163017,MT2_GEN,2025-06-19,,ACTIVO
1404,2566007,BT5_RES,2024-02-20,,ACTIVO
1405,7675760,BT4_COM,2023-02-16,,ACTIVO
1406,9666571,BT5_RES,2025-10-23,,ACTIVO
1407,3282271,BT5_RES,2022-02-26,,ACTIVO
1408,6473225,BT5_RES,2023-11-15,,ACTIVO
1409,4089762,BT5_RES,2025-10-31,,ACTIVO
1410,5695859,BT5_RES,2021-07-07,,ACTIVO
1411,3260535,BT5_RES,2019-09-08,,ACTIVO
1412,2746674,BT5_RES,2024-08-12,,ACTIVO
1413,3553518,BT5_RES,2025-08-18,,ACTIVO
1414,2189951,BT5_RES,2024-12-22,,ACTIVO
1415,7036800,BT5_RES,2025-05-30,,ACTIVO
1416,6549511,BT5_RES,2025-03-28,,ACTIVO
1417,9651200,BT5_RES,2024-03-14,,ACTIVO
1418,4219961,BT5_RES,2018-11-28,,ACTIVO
1419,7357233,BT5_RES,2023-04-22,,ACTIVO
1420,9275715,BT5_RES,2024-06-28,,ACTIVO
1421,6184992,BT5_RES,2025-08-07,,ACTIVO
1422,4566415,BT5_RES,2018-12-10,,ACTIVO
1423,2438548,BT5_RES,2025-07-13,,ACTIVO
1424,5901571,BT5_RES,2025-04-23,,ACTIVO
1425,5356750,BT5_GEN,2022-11-16,,ACTIVO
1426,3354396,BT5_GEN,2024-03-07,,ACTIVO
1427,7297693,BT5_RES,2023-06-12,,ACTIVO
1428,5562534,BT5_RES,2025-08-27,,ACTIVO
1429,1816249,BT5_RES,2025-03-10,,ACTIVO
1430,2619994,BT5_RES,2019-12-04,,ACTIVO
1431,3056901,BT5_RES,2025-09-08,,ACTIVO
1432,4745072,BT5_RES,2022-04-30,,ACTIVO
1433,8783671,BT5_RES,2024-09-20,,ACTIVO
1434,1887619,BT5_RES,2025-09-14,,ACTIVO
1435,4869976,BT5_RES,2024-08-09,,ACTIVO
1436,3157238,BT5_RES,2025-05-21,,ACTIVO
1437,7365937,BT5_RES,2025-10-10,,ACTIVO
1438,2089429,BT5_RES,2025-09-18,,ACTIVO
1439,6373553,BT5_RES,2025-09-12,,ACTIVO
1440,8179114,BT5_RES,2023-10-01,,ACTIVO
1441,2974216,BT5_RES,2022-01-26,,ACTIVO
1442,5863114,BT5_RES,2018-02-08,,ACTIVO
1443,1906678,BT4_COM,2025-09-24,,ACTIVO
1444,1195794,BT5_RES,2025-06-25,,ACTIVO
1445,4256439,BT5_RES,2025-05-08,,ACTIVO
1446,3903328,BT5_RES,2023-04-23,,ACTIVO
1447,6750396,BT4_COM,2024-12-29,,ACTIVO
1448,5560669,BT4_COM,2025-05-07,,ACTIVO
1449,7259786,MT2_GEN,2024-09-04,,ACTIVO
1450,6974396,BT5_RES,2024-12-02,,ACTIVO
1451,6685832,BT5_RES,2022-06-22,,ACTIVO
1452,8063844,BT5_RES,2024-07-19,,ACTIVO
1453,8816265,BT5_RES,2023-01-14,,ACTIVO
1454,5487558,BT5_GEN,2023-03-26,,ACTIVO
1455,9692888,BT5_RES,2024-05-22,,ACTIVO
1456,2155936,BT5_RES,2025-10-07,,ACTIVO
1457,1297851,BT5_RES,2020-08-26,,ACTIVO
1458,8103745,BT5_RES,2023-02-09,,ACTIVO
1459,5973438,BT5_RES,2022-11-30,,ACTIVO
1460,1835033,BT5_RES,2024-03-03,,ACTIVO
1461,4370508,BT5_RES,2023-09-10,,ACTIVO
1462,5247168,BT5_GEN,2025-09-10,,ACTIVO
1463,8064202,BT5_RES,2024-10-10,,ACTIVO
1464,3675444,BT4_COM,2025-08-30,,ACTIVO
1465,6698333,BT5_RES,2024-06-25,,ACTIVO
1466,6747144,BT5_RES,2025-07-14,,ACTIVO
1467,7324387,MT2_GEN,2025-05-03,,ACTIVO
1468,3213589,BT5_RES,2023-03-12,,ACTIVO
1469,3342815,BT5_RES,2025-04-14,,ACTIVO
1470,3863931,BT5_RES,2020-10-16,,ACTIVO
1471,6701832,BT5_RES,2018-06-24,,ACTIVO
1472,6188588,BT5_RES,2025-08-04,,ACTIVO
1473,4187668,BT4_COM,2023-01-09,,ACTIVO
1474,7935872,BT5_RES,2020-12-26,,ACTIVO
1475,8544759,BT5_RES,2024-07-29,,ACTIVO
1476,9862339,BT5_RES,2025-03-15,,ACTIVO
1477,5274935,BT5_RES,2024-11-01,,ACTIVO
1478,9659281,BT5_RES,2021-10-23,,ACTIVO
1479,6992602,BT5_RES,2023-07-01,,ACTIVO
1480,5268783,BT5_RES,2022-02-23,,ACTIVO
1481,7154370,BT5_RES,2024-06-16,,ACTIVO
1482,9902843,BT5_RES,2024-09-28,,ACTIVO
1483,5054113,BT4_COM,2024-09-03,,ACTIVO
1484,1884630,BT5_RES,2025-08-29,,ACTIVO
1485,7278160,BT5_RES,2025-10-23,,ACTIVO
1486,1297312,BT5_RES,2022-03-03,,ACTIVO
1487,3932570,BT5_RES,2023-01-22,,ACTIVO
1488,8652411,BT5_RES,2019-11-14,,ACTIVO
1489,1735461,BT5_RES,2025-10-21,,ACTIVO
1490,3501468,BT5_GEN,2025-02-28,,ACTIVO
1491,1511187,MT2_GEN,2024-08-05,,ACTIVO
1492,2131108,BT5_GEN,2023-10-30,,ACTIVO
1493,3100554,BT5_RES,2021-03-20,,ACTIVO
1494,4453022,BT5_RES,2024-07-02,,ACTIVO
1495,4748215,BT5_RES,2024-05-16,,ACTIVO
1496,8630776,BT5_RES,2024-07-31,,ACTIVO
1497,3689829,BT5_RES,2025-03-09,,ACTIVO
1498,2592985,BT5_RES,2022-06-05,,ACTIVO
1499,4897518,BT5_RES,2025-03-11,,ACTIVO
1500,9989117,BT5_RES,2025-02-18,,ACTIVO
1501,9469476,BT5_RES,2021-09-07,,ACTIVO
1502,1684525,BT5_RES,2023-09-21,,ACTIVO
1503,1254477,BT5_RES,2025-02-20,,ACTIVO
1504,9669858,BT4_COM,2025-09-12,,ACTIVO
1505,3179493,BT5_RES,2025-06-24,,ACTIVO
1506,3876888,BT5_RES,2025-06-03,,ACTIVO
1507,2869585,BT5_RES,2022-11-17,,ACTIVO
1508,7610825,BT5_RES,2025-10-09,,ACTIVO
1509,4724834,BT5_RES,2023-05-26,,ACTIVO
1510,4316815,BT5_RES,2025-06-10,,ACTIVO
1511,9328756,BT5_RES,2024-09-13,,ACTIVO
1512,4112025,BT5_RES,2025-04-15,,ACTIVO
1513,1601640,BT5_RES,2025-09-13,,ACTIVO
1514,2244793,BT5_RES,2019-01-27,,ACTIVO
1515,8975753,BT5_RES,2023-01-23,,ACTIVO
1516,7205253,BT5_RES,2022-09-04,,ACTIVO
1517,5043346,BT5_RES,2023-06-16,,ACTIVO
1518,2569440,MT2_GEN,2021-05-19,,ACTIVO
1519,7399993,BT5_RES,2025-09-21,,ACTIVO
1520,7988408,BT5_RES,2024-06-15,,ACTIVO
1521,7151109,BT5_RES,2025-05-09,,ACTIVO
1522,6637965,BT5_RES,2024-11-22,,ACTIVO
1523,1628990,BT5_RES,2024-03-18,,ACTIVO
1524,1997102,BT5_RES,2024-07-31,,ACTIVO
1525,1296928,BT5_RES,2025-05-11,,ACTIVO
1526,9518718,BT5_RES,2025-02-17,,ACTIVO
1527,5667594,BT5_GEN,2025-08-07,,ACTIVO
1528,9087021,BT5_RES,2022-10-29,,ACTIVO
1529,5479238,BT5_RES,2024-07-09,,ACTIVO
1530,1585247,BT4_COM,2025-02-25,,ACTIVO
1531,9005788,BT5_RES,2023-11-03,,ACTIVO
1532,9923791,BT5_RES,2024-05-10,,ACTIVO
1533,6495586,BT5_RES,2025-10-17,,ACTIVO
1534,7408628,BT5_RES,2023-05-22,,ACTIVO
1535,1304126,BT5_RES,2024-03-14,,ACTIVO
1536,6302356,BT5_GEN,2023-02-27,,ACTIVO
1537,7098918,BT5_RES,2023-08-23,,ACTIVO
1538,5035574,BT5_RES,2024-09-18,,ACTIVO
1539,8578547,BT4_COM,2020-08-01,,ACTIVO
1540,5367425,BT4_COM,2023-07-22,,ACTIVO
1541,7161267,BT5_RES,2024-06-06,,ACTIVO
1542,3117302,BT5_RES,2024-11-02,,ACTIVO
1543,1519034,BT5_RES,2024-04-25,,ACTIVO
1544,7872267,BT5_RES,2021-04-03,,ACTIVO
1545,1348825,BT5_RES,2024-08-11,,ACTIVO
1546,3923247,BT5_RES,2021-07-05,,ACTIVO
1547,8448831,BT5_RES,2023-01-15,,ACTIVO
1548,1155234,BT5_RES,2025-08-19,,ACTIVO
1549,8995156,BT5_RES,2025-09-01,,ACTIVO
1550,8650490,BT5_RES,2024-12-28,,ACTIVO
1551,9604479,BT5_RES,2025-10-01,,ACTIVO
1552,3765107,BT5_RES,2022-03-05,,ACTIVO
1553,8058678,BT5_RES,2021-02-13,,ACTIVO
1554,7598196,BT4_COM,2025-10-01,,ACTIVO
1555,7141766,BT4_COM,2025-02-15,,ACTIVO
1556,8963237,BT4_COM,2021-08-10,,ACTIVO
1557,9953280,BT4_COM,2022-01-14,,ACTIVO
1558,7082609,BT5_RES,2018-10-18,,ACTIVO
1559,6618106,BT5_RES,2020-02-24,,ACTIVO
1560,7253588,BT5_RES,2022-11-21,,ACTIVO
1561,5933783,BT4_COM,2024-08-24,,ACTIVO
1562,9850651,BT5_RES,2025-10-29,,ACTIVO
1563,6439306,BT5_RES,2023-06-29,,ACTIVO
1564,6350922,BT5_RES,2024-08-06,,ACTIVO
1565,9761831,BT5_RES,2025-09-02,,ACTIVO
1566,5609816,BT5_RES,2023-03-07,,ACTIVO
1567,7396879,BT5_RES,2022-07-19,,ACTIVO
1568,4301725,BT5_RES,2023-01-25,,ACTIVO
1569,3666029,BT5_RES,2025-03-26,,ACTIVO
1570,1494732,BT5_RES,2023-06-22,,ACTIVO
1571,4106830,BT5_RES,2025-06-05,,ACTIVO
1572,6344928,BT5_RES,2023-11-10,,ACTIVO
1573,2636939,BT5_RES,2025-08-30,,ACTIVO
1574,9001210,BT5_RES,2024-06-28,,ACTIVO
1575,5589933,MT2_GEN,2019-03-20,,ACTIVO
1576,2371460,MT2_GEN,2024-05-31,,ACTIVO
1577,6008982,BT5_RES,2021-10-26,,ACTIVO
1578,6406389,BT5_RES,2022-09-02,,ACTIVO
1579,2730497,BT5_RES,2019-06-10,,ACTIVO
1580,5394055,BT5_RES,2024-11-23,,ACTIVO
1581,3660120,BT5_RES,2024-08-12,,ACTIVO
1582,5692246,BT5_RES,2025-06-02,,ACTIVO
1583,7011412,BT5_RES,2025-07-27,,ACTIVO
1584,1076013,BT5_RES,2021-11-27,,ACTIVO
1585,8974391,BT5_RES,2021-12-23,,ACTIVO
1586,5345354,BT5_RES,2025-08-20,,ACTIVO
1587,2080188,BT5_RES,2024-09-29,,ACTIVO
1588,6942656,BT5_RES,2025-02-03,,ACTIVO
1589,3429103,BT4_COM,2025-07-12,,ACTIVO
1590,7862346,BT5_RES,2021-04-16,,ACTIVO
1591,1937570,BT5_RES,2025-09-11,,ACTIVO
1592,1660416,BT5_RES,2025-08-30,,ACTIVO
1593,7979632,BT5_RES,2025-02-26,,ACTIVO
1594,2448391,BT5_RES,2024-04-22,,ACTIVO
1595,9857240,BT5_RES,2023-02-13,,ACTIVO
1596,5572947,BT5_RES,2022-07-04,,ACTIVO
1597,3727909,BT5_RES,2024-03-31,,ACTIVO
1598,3255643,BT5_RES,2023-01-01,,ACTIVO
1599,4414205,BT5_RES,2024-04-17,,ACTIVO
1600,5246710,BT5_RES,2021-02-05,,ACTIVO
1601,8968810,MT2_GEN,2021-03-01,,ACTIVO
1602,2394311,BT5_RES,2020-10-15,,ACTIVO
1603,6999007,BT5_RES,2025-08-18,,ACTIVO
1604,1293033,BT5_RES,2022-03-25,,ACTIVO
1605,1042146,BT4_COM,2025-08-17,,ACTIVO
1606,8935861,BT5_RES,2025-09-19,,ACTIVO
1607,6444694,BT4_COM,2025-04-28,,ACTIVO
1608,9216910,BT5_RES,2024-04-01,,ACTIVO
1609,2858967,BT5_RES,2022-02-16,,ACTIVO
1610,8490061,BT5_RES,2024-01-08,,ACTIVO
1611,4610638,BT5_RES,2025-10-02,,ACTIVO
1612,6442869,BT4_COM,2025-08-09,,ACTIVO
1613,5027912,BT5_RES,2025-10-31,,ACTIVO
1614,6505591,BT5_RES,2025-09-09,,ACTIVO
1615,2176724,BT5_RES,2019-12-28,,ACTIVO
1616,5891387,BT5_RES,2024-02-09,,ACTIVO
1617,8284622,BT5_RES,2021-04-05,,ACTIVO
1618,7873593,BT5_RES,2025-10-19,,ACTIVO
1619,4842485,BT5_RES,2024-08-22,,ACTIVO
1620,5426125,MT2_GEN,2023-08-18,,ACTIVO
1621,3961548,BT5_RES,2025-09-06,,ACTIVO
1622,2703482,BT5_RES,2024-06-17,,ACTIVO
1623,7249369,BT5_RES,2024-01-07,,ACTIVO
1624,9428510,BT5_RES,2023-01-11,,ACTIVO
1625,5458252,BT5_GEN,2024-01-12,,ACTIVO
1626,5598215,BT5_RES,2023-10-09,,ACTIVO
1627,5762654,BT5_RES,2023-11-09,,ACTIVO
1628,4791257,BT5_RES,2022-10-09,,ACTIVO
1629,6333115,BT5_RES,2025-10-07,,ACTIVO
1630,2436687,MT2_GEN,2018-05-18,,ACTIVO
1631,3239772,BT5_RES,2025-02-18,,ACTIVO
1632,9103346,BT5_RES,2023-01-21,,ACTIVO
1633,2650392,BT5_RES,2025-09-08,,ACTIVO
1634,6044309,BT5_RES,2021-09-30,,ACTIVO
1635,3424770,BT5_RES,2021-12-30,,ACTIVO
1636,1945879,BT5_RES,2025-09-11,,ACTIVO
1637,7739766,BT4_COM,2025-06-21,,ACTIVO
1638,2324356,MT2_GEN,2024-06-03,,ACTIVO
1639,9215534,BT5_RES,2018-07-06,,ACTIVO
1640,2636817,BT5_RES,2025-05-25,,ACTIVO
1641,5144316,BT4_COM,2025-03-06,,ACTIVO
1642,8905269,BT4_COM,2024-09-23,,ACTIVO
1643,7296110,BT5_RES,2022-08-30,,ACTIVO
1644,2235403,BT5_RES,2022-09-19,,ACTIVO
1645,2219951,BT5_RES,2023-05-02,,ACTIVO
1646,4192881,BT5_RES,2024-12-04,,ACTIVO
1647,5912566,BT5_RES,2022-08-22,,ACTIVO
1648,6826072,BT5_RES,2025-08-29,,ACTIVO
1649,7761740,BT5_RES,2024-06-14,,ACTIVO
1650,2183986,BT4_COM,2023-11-22,,ACTIVO
1651,4394635,BT4_COM,2024-01-23,,ACTIVO
1652,7397972,BT5_RES,2023-02-11,,ACTIVO
1653,8726866,BT5_RES,2024-04-14,,ACTIVO
1654,9154694,MT2_GEN,2025-07-08,,ACTIVO
1655,9289377,BT5_RES,2025-06-04,,ACTIVO
1656,4698330,BT5_RES,2020-12-01,,ACTIVO
1657,8158518,BT5_RES,2025-07-06,,ACTIVO
1658,7095714,BT5_RES,2024-02-16,,ACTIVO
1659,8314506,BT4_COM,2022-09-14,,ACTIVO
1660,9022217,BT5_RES,2025-10-23,,ACTIVO
1661,2246039,BT4_COM,2025-09-05,,ACTIVO
1662,7598206,BT5_RES,2024-04-05,,ACTIVO
1663,9062486,BT5_RES,2021-12-22,,ACTIVO
1664,5887476,BT5_RES,2025-01-23,,ACTIVO
1665,4683614,BT5_RES,2020-06-22,,ACTIVO
1666,3106442,BT5_RES,2024-11-19,,ACTIVO
1667,8382575,BT5_RES,2025-10-06,,ACTIVO
1668,9435909,BT5_RES,2021-04-25,,ACTIVO
1669,8861819,BT5_RES,2025-09-05,,ACTIVO
1670,9711922,BT5_RES,2023-08-18,,ACTIVO
1671,9319923,BT5_RES,2023-09-20,,ACTIVO
1672,6018563,BT5_RES,2025-03-14,,ACTIVO
1673,1099428,BT5_GEN,2024-07-01,,ACTIVO
1674,8696206,MT2_GEN,2025-04-28,,ACTIVO
1675,9910251,BT5_RES,2020-05-22,,ACTIVO
1676,9622906,BT4_COM,2025-10-30,,ACTIVO
1677,5826728,BT5_RES,2025-10-20,,ACTIVO
1678,9187627,BT5_RES,2025-09-11,,ACTIVO
1679,2843636,BT4_COM,2025-07-03,,ACTIVO
1680,6595670,BT5_RES,2023-05-06,,ACTIVO
1681,7330020,BT5_RES,2022-01-16,,ACTIVO
1682,2183734,MT2_GEN,2024-08-10,,ACTIVO
1683,5379256,MT2_GEN,2023-06-22,,ACTIVO
1684,1621309,BT5_RES,2025-08-15,,ACTIVO
1685,1854327,BT5_RES,2024-09-04,,ACTIVO
1686,1399450,BT4_COM,2023-08-10,,ACTIVO
1687,2854552,BT5_RES,2021-02-19,,ACTIVO
1688,6182732,BT4_COM,2021-05-05,,ACTIVO
1689,5097621,BT5_RES,2025-07-04,,ACTIVO
1690,4395996,BT5_RES,2025-10-17,,ACTIVO
1691,9931438,BT5_RES,2025-01-08,,ACTIVO
1692,2681426,BT5_RES,2025-07-22,,ACTIVO
1693,3454828,BT5_RES,2024-12-19,,ACTIVO
1694,9455986,BT5_RES,2025-10-10,,ACTIVO
1695,1910726,MT2_GEN,2021-02-27,,ACTIVO
1696,4410912,BT5_RES,2022-08-22,,ACTIVO
1697,8766796,BT5_RES,2025-05-24,,ACTIVO
1698,2443507,BT5_RES,2025-10-12,,ACTIVO
1699,8729750,BT5_RES,2025-10-23,,ACTIVO
1700,6376393,BT5_RES,2024-02-02,,ACTIVO
1701,2844930,BT5_RES,2025-09-13,,ACTIVO
1702,2982413,BT5_RES,2023-09-02,,ACTIVO
1703,7206943,BT5_RES,2025-05-14,,ACTIVO
1704,8394879,BT5_RES,2024-03-13,,ACTIVO
1705,3911952,BT5_RES,2023-05-25,,ACTIVO
1706,2267421,BT5_RES,2019-03-26,,ACTIVO
1707,2268091,BT5_RES,2021-12-23,,ACTIVO
1708,4915192,BT5_RES,2024-04-01,,ACTIVO
1709,1582928,BT5_RES,2025-03-17,,ACTIVO
1710,6670974,BT5_RES,2022-05-11,,ACTIVO
1711,3862533,BT5_RES,2024-11-29,,ACTIVO
1712,1088866,BT5_RES,2023-05-21,,ACTIVO
1713,5518360,BT5_RES,2024-11-06,,ACTIVO
1714,2965454,BT4_COM,2025-06-08,,ACTIVO
1715,4225683,BT5_RES,2024-12-28,,ACTIVO
1716,6263447,BT5_RES,2025-07-29,,ACTIVO
1717,2201980,BT5_RES,2023-12-08,,ACTIVO
1718,5924239,BT5_RES,2025-10-10,,ACTIVO
1719,9342102,BT5_RES,2020-01-23,,ACTIVO
1720,2562999,BT5_RES,2024-01-08,,ACTIVO
1721,2805327,BT5_RES,2024-01-21,,ACTIVO
1722,4609574,BT5_GEN,2025-10-28,,ACTIVO
1723,6619113,BT5_RES,2025-03-24,,ACTIVO
1724,7638428,BT4_COM,2022-10-30,,ACTIVO
1725,8772011,MT2_GEN,2022-11-16,,ACTIVO
1726,8311813,BT5_RES,2025-08-28,,ACTIVO
1727,4340171,BT4_COM,2025-08-13,,ACTIVO
1728,2378034,BT5_RES,2021-01-19,,ACTIVO
1729,5964350,BT5_RES,2023-03-18,,ACTIVO
1730,2918025,BT5_RES,2023-02-17,,ACTIVO
1731,4988828,BT5_RES,2025-06-27,,ACTIVO
1732,4809767,BT5_RES,2025-10-14,,ACTIVO
1733,5769774,BT5_RES,2025-10-17,,ACTIVO
1734,2259451,BT5_RES,2025-03-18,,ACTIVO
1735,3352714,BT5_RES,2022-07-02,,ACTIVO
1736,1701056,BT5_RES,2021-06-15,,ACTIVO
1737,8094527,BT5_RES,2025-01-26,,ACTIVO
1738,7298099,BT5_RES,2025-07-21,,ACTIVO
1739,8119566,BT4_COM,2024-08-13,,ACTIVO
1740,3517538,BT5_RES,2024-08-03,,ACTIVO
1741,8296195,BT5_RES,2023-03-10,,ACTIVO
1742,5824808,BT5_RES,2025-08-19,,ACTIVO
1743,7239301,BT5_RES,2022-05-05,,ACTIVO
1744,7725160,BT5_RES,2024-04-10,,ACTIVO
1745,6698677,BT4_COM,2021-10-17,,ACTIVO
1746,4452624,BT5_RES,2023-03-05,,ACTIVO
1747,9274446,BT5_RES,2025-01-09,,ACTIVO
1748,4100582,BT4_COM,2021-04-10,,ACTIVO
1749,8722233,BT5_RES,2024-10-02,,ACTIVO
1750,5344202,BT5_RES,2023-07-27,,ACTIVO
1751,7481275,BT5_RES,2022-10-06,,ACTIVO
1752,6273853,BT5_RES,2024-06-23,,ACTIVO
1753,6597715,BT5_RES,2024-02-04,,ACTIVO
1754,1967364,BT5_RES,2025-07-06,,ACTIVO
1755,7565820,BT5_RES,2022-10-29,,ACTIVO
1756,7245334,BT5_RES,2025-08-01,,ACTIVO
1757,5568694,BT5_RES,2021-07-09,,ACTIVO
1758,5337345,BT5_RES,2025-07-27,,ACTIVO
1759,7658244,BT5_RES,2025-07-28,,ACTIVO
1760,9550453,BT5_RES,2023-04-01,,ACTIVO
1761,3717790,BT4_COM,2025-02-12,,ACTIVO
1762,5126379,MT2_GEN,2025-09-05,,ACTIVO
1763,2962988,BT5_RES,2025-05-06,,ACTIVO
1764,7505305,BT4_COM,2021-12-10,,ACTIVO
1765,1758044,BT5_RES,2022-03-09,,ACTIVO
1766,3325266,BT5_RES,2024-07-18,,ACTIVO
1767,9959103,BT5_RES,2025-08-02,,ACTIVO
1768,5168510,BT5_RES,2024-02-14,,ACTIVO
1769,3819234,BT5_RES,2020-05-25,,ACTIVO
1770,9027309,BT5_RES,2019-05-23,,ACTIVO
1771,6715569,BT5_RES,2025-09-26,,ACTIVO
1772,4820714,BT4_COM,2025-09-01,,ACTIVO
1773,9095491,BT5_RES,2025-10-21,,ACTIVO
1774,6705959,BT5_RES,2025-09-07,,ACTIVO
1775,5413879,BT5_RES,2025-06-02,,ACTIVO
1776,9332895,BT5_RES,2023-10-24,,ACTIVO
1777,5671872,BT5_RES,2025-08-30,,ACTIVO
1778,4781404,BT5_RES,2023-06-24,,ACTIVO
1779,8528059,BT5_RES,2024-05-15,,ACTIVO
1780,6656439,BT5_RES,2025-10-31,,ACTIVO
1781,8938102,BT5_RES,2020-06-08,,ACTIVO
1782,2752964,BT5_RES,2022-10-13,,ACTIVO
1783,5473689,BT5_RES,2025-07-10,,ACTIVO
1784,3028227,BT5_RES,2025-09-18,,ACTIVO
1785,4797909,BT5_RES,2019-05-25,,ACTIVO
1786,9824935,BT5_RES,2025-09-05,,ACTIVO
1787,4945143,BT4_COM,2022-05-10,,ACTIVO
1788,1826218,BT5_RES,2021-03-23,,ACTIVO
1789,4026133,BT5_RES,2022-05-06,,ACTIVO
1790,4861138,BT5_RES,2022-04-22,,ACTIVO
1791,4857586,BT5_RES,2023-08-02,,ACTIVO
1792,8076054,BT5_RES,2023-11-13,,ACTIVO
1793,2246089,BT5_RES,2021-10-22,,ACTIVO
1794,9068801,BT5_RES,2024-12-08,,ACTIVO
1795,1209464,BT5_RES,2025-05-14,,ACTIVO
1796,8555691,BT5_RES,2025-02-06,,ACTIVO
1797,6489436,BT5_RES,2025-09-25,,ACTIVO
1798,3336641,BT4_COM,2022-11-12,,ACTIVO
1799,5304563,BT5_RES,2025-06-15,,ACTIVO
1800,1834795,BT5_RES,2025-06-17,,ACTIVO
