id_geo,departamento,provincia,distrito,pais
PUNO-MOHO-HUAYRAPATA,PUNO,MOHO,HUAYRAPATA,PERU
LAMBAYEQUE-LAMBAYEQUE-LAMBAYEQUE,LAMBAYEQUE,LAMBAYEQUE,LAMBAYEQUE,PERU
HUANCAVELICA-CASTROVIRREYNA-AURAHUA,HUANCAVELICA,CASTROVIRREYNA,AURAHUA,PERU
ANCASH-CARLOS FERMIN FITZCARRALD-SAN LUIS,ANCASH,CARLOS FERMIN FITZCARRALD,SAN LUIS,PERU
TACNA-TACNA-CORONEL GREGORIO ALBARRACIN LANCHIP,TACNA,TACNA,CORONEL GREGORIO ALBARRACIN LANCHIP,PERU
AMAZONAS-CHACHAPOYAS-LEIMEBAMBA,AMAZONAS,CHACHAPOYAS,LEIMEBAMBA,PERU
LIMA-LIMA-LA MOLINA,LIMA,LIMA,LA MOLINA,PERU
LIMA-HUARAL-CHANCAY,LIMA,HUARAL,CHANCAY,PERU
PASCO-PASCO-PAUCARTAMBO,PASCO,PASCO,PAUCARTAMBO,PERU
ANCASH-HUARMEY-HUARMEY,ANCASH,HUARMEY,HUARMEY,PERU
HUANCAVELICA-ANGARAES-HUANCA-HUANCA,HUANCAVELICA,ANGARAES,HUANCA-HUANCA,PERU
SAN MARTIN-SAN MARTIN-LA BANDA DE SHILCAYO,SAN MARTIN,SAN MARTIN,LA BANDA DE SHILCAYO,PERU
HUANCAVELICA-TAYACAJA-COLCABAMBA,HUANCAVELICA,TAYACAJA,COLCABAMBA,PERU
LIMA-HUAROCHIRI-HUAROCHIRI,LIMA,HUAROCHIRI,HUAROCHIRI,PERU
LIMA-LIMA-MAGDALENA DEL MAR,LIMA,LIMA,MAGDALENA DEL MAR,PERU
LIMA-CANTA-SANTA ROSA DE QUIVES,LIMA,CANTA,SANTA ROSA DE QUIVES,PERU
HUANUCO-YAROWILCA-APARICIO POMARES,HUANUCO,YAROWILCA,APARICIO POMARES,PERU
PIURA-MORROPON-SANTA CATALINA DE MOSSA,PIURA,MORROPON,SANTA CATALINA DE MOSSA,PERU
LIMA-LIMA-SAN BORJA,LIMA,LIMA,SAN BORJA,PERU
LIMA-LIMA-CIENEGUILLA,LIMA,LIMA,CIENEGUILLA,PERU
LA LIBERTAD-CHEPEN-PACANGA,LA LIBERTAD,CHEPEN,PACANGA,PERU
PASCO-OXAPAMPA-POZUZO,PASCO,OXAPAMPA,POZUZO,PERU
LIMA-CAÑETE-SANTA CRUZ DE FLORES,LIMA,CAÑETE,SANTA CRUZ DE FLORES,PERU
ANCASH-SANTA-MORO,ANCASH,SANTA,MORO,PERU
PUNO-AZANGARO-CHUPA,PUNO,AZANGARO,CHUPA,PERU
ANCASH-CARHUAZ-MARCARA,ANCASH,CARHUAZ,MARCARA,PERU
JUNIN-CHUPACA-CHONGOS BAJO,JUNIN,CHUPACA,CHONGOS BAJO,PERU
PUNO-CARABAYA-MACUSANI,PUNO,CARABAYA,MACUSANI,PERU
PUNO-PUNO-CHUCUITO,PUNO,PUNO,CHUCUITO,PERU
APURIMAC-COTABAMBAS-CHALLHUAHUACHO,APURIMAC,COTABAMBAS,CHALLHUAHUACHO,PERU
TUMBES-ZARUMILLA-ZARUMILLA,TUMBES,ZARUMILLA,ZARUMILLA,PERU
JUNIN-SATIPO-PANGOA,JUNIN,SATIPO,PANGOA,PERU
HUANUCO-LEONCIO PRADO-RUPA-RUPA,HUANUCO,LEONCIO PRADO,RUPA-RUPA,PERU
AREQUIPA-AREQUIPA-ALTO SELVA ALEGRE,AREQUIPA,AREQUIPA,ALTO SELVA ALEGRE,PERU
ANCASH-HUAYLAS-CARAZ,ANCASH,HUAYLAS,CARAZ,PERU
PUNO-CHUCUITO-JULI,PUNO,CHUCUITO,JULI,PERU
AREQUIPA-ISLAY-ISLAY,AREQUIPA,ISLAY,ISLAY,PERU
CALLAO-CALLAO-CARMEN DE LA LEGUA REYNOSO,CALLAO,CALLAO,CARMEN DE LA LEGUA REYNOSO,PERU
APURIMAC-ANDAHUAYLAS-HUANCARAY,APURIMAC,ANDAHUAYLAS,HUANCARAY,PERU
APURIMAC-CHINCHEROS-CHINCHEROS,APURIMAC,CHINCHEROS,CHINCHEROS,PERU
CAJAMARCA-JAEN-PUCARA,CAJAMARCA,JAEN,PUCARA,PERU
LIMA-LIMA-VILLA EL SALVADOR,LIMA,LIMA,VILLA EL SALVADOR,PERU
LIMA-LIMA-LINCE,LIMA,LIMA,LINCE,PERU
HUANUCO-HUANUCO-HUANUCO,HUANUCO,HUANUCO,HUANUCO,PERU
ICA-ICA-LA TINGUIÑA,ICA,ICA,LA TINGUIÑA,PERU
LORETO-MAYNAS-BELEN,LORETO,MAYNAS,BELEN,PERU
AREQUIPA-ISLAY-COCACHACRA,AREQUIPA,ISLAY,COCACHACRA,PERU
HUANCAVELICA-HUANCAVELICA-YAULI,HUANCAVELICA,HUANCAVELICA,YAULI,PERU
ANCASH-BOLOGNESI-HUALLANCA,ANCASH,BOLOGNESI,HUALLANCA,PERU
CAJAMARCA-SAN IGNACIO-SAN JOSE DE LOURDES,CAJAMARCA,SAN IGNACIO,SAN JOSE DE LOURDES,PERU
CAJAMARCA-CAJAMARCA-LOS BAÑOS DEL INCA,CAJAMARCA,CAJAMARCA,LOS BAÑOS DEL INCA,PERU
LIMA-HUAROCHIRI-MATUCANA,LIMA,HUAROCHIRI,MATUCANA,PERU
JUNIN-JUNIN-CARHUAMAYO,JUNIN,JUNIN,CARHUAMAYO,PERU
JUNIN-CONCEPCION-CONCEPCION,JUNIN,CONCEPCION,CONCEPCION,PERU
TACNA-TACNA-CIUDAD NUEVA,TACNA,TACNA,CIUDAD NUEVA,PERU
HUANCAVELICA-HUANCAVELICA-PALCA,HUANCAVELICA,HUANCAVELICA,PALCA,PERU
AREQUIPA-AREQUIPA-JOSE LUIS BUSTAMANTE Y RIVERO,AREQUIPA,AREQUIPA,JOSE LUIS BUSTAMANTE Y RIVERO,PERU
APURIMAC-ANDAHUAYLAS-SAN JERONIMO,APURIMAC,ANDAHUAYLAS,SAN JERONIMO,PERU
CAJAMARCA-SAN MIGUEL-LLAPA,CAJAMARCA,SAN MIGUEL,LLAPA,PERU
AREQUIPA-ISLAY-MOLLENDO,AREQUIPA,ISLAY,MOLLENDO,PERU
PUNO-HUANCANE-TARACO,PUNO,HUANCANE,TARACO,PERU
LIMA-CAJATAMBO-HUANCAPON,LIMA,CAJATAMBO,HUANCAPON,PERU
LA LIBERTAD-SANTIAGO DE CHUCO-SANTIAGO DE CHUCO,LA LIBERTAD,SANTIAGO DE CHUCO,SANTIAGO DE CHUCO,PERU
AYACUCHO-LUCANAS-CABANA,AYACUCHO,LUCANAS,CABANA,PERU
ANCASH-POMABAMBA-POMABAMBA,ANCASH,POMABAMBA,POMABAMBA,PERU
PUNO-LAMPA-CALAPUJA,PUNO,LAMPA,CALAPUJA,PERU
PASCO-PASCO-YANACANCHA,PASCO,PASCO,YANACANCHA,PERU
LIMA-HUAROCHIRI-SAN LORENZO DE QUINTI,LIMA,HUAROCHIRI,SAN LORENZO DE QUINTI,PERU
JUNIN-CONCEPCION-NUEVE DE JULIO,JUNIN,CONCEPCION,NUEVE DE JULIO,PERU
LIMA-HUARAL-HUARAL,LIMA,HUARAL,HUARAL,PERU
JUNIN-SATIPO-RIO TAMBO,JUNIN,SATIPO,RIO TAMBO,PERU
JUNIN-CHANCHAMAYO-CHANCHAMAYO,JUNIN,CHANCHAMAYO,CHANCHAMAYO,PERU
HUANUCO-HUAMALIES-MONZON,HUANUCO,HUAMALIES,MONZON,PERU
AYACUCHO-PARINACOCHAS-CORACORA,AYACUCHO,PARINACOCHAS,CORACORA,PERU
LIMA-LIMA-CHORRILLOS,LIMA,LIMA,CHORRILLOS,PERU
AMAZONAS-LUYA-OCALLI,AMAZONAS,LUYA,OCALLI,PERU
HUANCAVELICA-ACOBAMBA-ACOBAMBA,HUANCAVELICA,ACOBAMBA,ACOBAMBA,PERU
LIMA-HUAROCHIRI-CHICLA,LIMA,HUAROCHIRI,CHICLA,PERU
LORETO-ALTO AMAZONAS-YURIMAGUAS,LORETO,ALTO AMAZONAS,YURIMAGUAS,PERU
LIMA-LIMA-CHACLACAYO,LIMA,LIMA,CHACLACAYO,PERU
CAJAMARCA-CHOTA-CHOTA,CAJAMARCA,CHOTA,CHOTA,PERU
LAMBAYEQUE-LAMBAYEQUE-JAYANCA,LAMBAYEQUE,LAMBAYEQUE,JAYANCA,PERU
TACNA-TACNA-ALTO DE LA ALIANZA,TACNA,TACNA,ALTO DE LA ALIANZA,PERU
HUANUCO-DOS DE MAYO-QUIVILLA,HUANUCO,DOS DE MAYO,QUIVILLA,PERU
ICA-CHINCHA-GROCIO PRADO,ICA,CHINCHA,GROCIO PRADO,PERU
LA LIBERTAD-SANCHEZ CARRION-HUAMACHUCO,LA LIBERTAD,SANCHEZ CARRION,HUAMACHUCO,PERU
LIMA-CAÑETE-SAN ANTONIO,LIMA,CAÑETE,SAN ANTONIO,PERU
CUSCO-LA CONVENCION-VILCABAMBA,CUSCO,LA CONVENCION,VILCABAMBA,PERU
LIMA-LIMA-SANTA ANITA,LIMA,LIMA,SANTA ANITA,PERU
PUNO-SAN ROMAN-CABANILLAS,PUNO,SAN ROMAN,CABANILLAS,PERU
AYACUCHO-HUAMANGA-SAN JUAN BAUTISTA,AYACUCHO,HUAMANGA,SAN JUAN BAUTISTA,PERU
ANCASH-SIHUAS-SIHUAS,ANCASH,SIHUAS,SIHUAS,PERU
HUANUCO-DOS DE MAYO-LA UNION,HUANUCO,DOS DE MAYO,LA UNION,PERU
LIMA-CAÑETE-SAN VICENTE DE CAÑETE,LIMA,CAÑETE,SAN VICENTE DE CAÑETE,PERU
PIURA-PIURA-CASTILLA,PIURA,PIURA,CASTILLA,PERU
JUNIN-CONCEPCION-MARISCAL CASTILLA,JUNIN,CONCEPCION,MARISCAL CASTILLA,PERU
CAJAMARCA-HUALGAYOC-HUALGAYOC,CAJAMARCA,HUALGAYOC,HUALGAYOC,PERU
AREQUIPA-AREQUIPA-AREQUIPA,AREQUIPA,AREQUIPA,AREQUIPA,PERU
PUNO-LAMPA-CABANILLA,PUNO,LAMPA,CABANILLA,PERU
ICA-ICA-SANTIAGO,ICA,ICA,SANTIAGO,PERU
ANCASH-BOLOGNESI-CHIQUIAN,ANCASH,BOLOGNESI,CHIQUIAN,PERU
CUSCO-QUISPICANCHI-ANDAHUAYLILLAS,CUSCO,QUISPICANCHI,ANDAHUAYLILLAS,PERU
LIMA-LIMA-SAN MIGUEL,LIMA,LIMA,SAN MIGUEL,PERU
ANCASH-SANTA-NUEVO CHIMBOTE,ANCASH,SANTA,NUEVO CHIMBOTE,PERU
LA LIBERTAD-TRUJILLO-TRUJILLO,LA LIBERTAD,TRUJILLO,TRUJILLO,PERU
LIMA-BARRANCA-PATIVILCA,LIMA,BARRANCA,PATIVILCA,PERU
AREQUIPA-AREQUIPA-CAYMA,AREQUIPA,AREQUIPA,CAYMA,PERU
APURIMAC-AYMARAES-CHALHUANCA,APURIMAC,AYMARAES,CHALHUANCA,PERU
APURIMAC-ANDAHUAYLAS-TALAVERA,APURIMAC,ANDAHUAYLAS,TALAVERA,PERU
ANCASH-YUNGAY-YUNGAY,ANCASH,YUNGAY,YUNGAY,PERU
LA LIBERTAD-VIRU-VIRU,LA LIBERTAD,VIRU,VIRU,PERU
JUNIN-SATIPO-MAZAMARI,JUNIN,SATIPO,MAZAMARI,PERU
SAN MARTIN-RIOJA-ELIAS SOPLIN VARGAS,SAN MARTIN,RIOJA,ELIAS SOPLIN VARGAS,PERU
AYACUCHO-LUCANAS-SANTA ANA DE HUAYCAHUACHO,AYACUCHO,LUCANAS,SANTA ANA DE HUAYCAHUACHO,PERU
LIMA-LIMA-SAN MARTIN DE PORRES,LIMA,LIMA,SAN MARTIN DE PORRES,PERU
LAMBAYEQUE-LAMBAYEQUE-PACORA,LAMBAYEQUE,LAMBAYEQUE,PACORA,PERU
JUNIN-CHANCHAMAYO-PICHANAQUI,JUNIN,CHANCHAMAYO,PICHANAQUI,PERU
LIMA-OYON-OYON,LIMA,OYON,OYON,PERU
JUNIN-TARMA-SAN PEDRO DE CAJAS,JUNIN,TARMA,SAN PEDRO DE CAJAS,PERU
CALLAO-CALLAO-CALLAO,CALLAO,CALLAO,CALLAO,PERU
LIMA-LIMA-VILLA MARIA DEL TRIUNFO,LIMA,LIMA,VILLA MARIA DEL TRIUNFO,PERU
CUSCO-QUISPICANCHI-OCONGATE,CUSCO,QUISPICANCHI,OCONGATE,PERU
UCAYALI-CORONEL PORTILLO-YARINACOCHA,UCAYALI,CORONEL PORTILLO,YARINACOCHA,PERU
LIMA-LIMA-LURIGANCHO,LIMA,LIMA,LURIGANCHO,PERU
LIMA-LIMA-ATE,LIMA,LIMA,ATE,PERU
ICA-NAZCA-MARCONA,ICA,NAZCA,MARCONA,PERU
APURIMAC-ANDAHUAYLAS-PACUCHA,APURIMAC,ANDAHUAYLAS,PACUCHA,PERU
AREQUIPA-CASTILLA-PAMPACOLCA,AREQUIPA,CASTILLA,PAMPACOLCA,PERU
PUNO-MELGAR-AYAVIRI,PUNO,MELGAR,AYAVIRI,PERU
AYACUCHO-HUAMANGA-CARMEN ALTO,AYACUCHO,HUAMANGA,CARMEN ALTO,PERU
LIMA-CAÑETE-QUILMANA,LIMA,CAÑETE,QUILMANA,PERU
PUNO-EL COLLAO-ILAVE,PUNO,EL COLLAO,ILAVE,PERU
PUNO-SANDIA-CUYOCUYO,PUNO,SANDIA,CUYOCUYO,PERU
CALLAO-CALLAO-BELLAVISTA,CALLAO,CALLAO,BELLAVISTA,PERU
AMAZONAS-BONGARA-SHIPASBAMBA,AMAZONAS,BONGARA,SHIPASBAMBA,PERU
JUNIN-JUNIN-JUNIN,JUNIN,JUNIN,JUNIN,PERU
JUNIN-YAULI-SANTA ROSA DE SACCO,JUNIN,YAULI,SANTA ROSA DE SACCO,PERU
LIMA-HUAROCHIRI-RICARDO PALMA,LIMA,HUAROCHIRI,RICARDO PALMA,PERU
AYACUCHO-HUANCA SANCOS-SANTIAGO DE LUCANAMARCA,AYACUCHO,HUANCA SANCOS,SANTIAGO DE LUCANAMARCA,PERU
LIMA-HUAROCHIRI-SAN ANTONIO,LIMA,HUAROCHIRI,SAN ANTONIO,PERU
APURIMAC-ANDAHUAYLAS-PACOBAMBA,APURIMAC,ANDAHUAYLAS,PACOBAMBA,PERU
JUNIN-CONCEPCION-SANTA ROSA DE OCOPA,JUNIN,CONCEPCION,SANTA ROSA DE OCOPA,PERU
HUANCAVELICA-HUAYTARA-SANTIAGO DE CHOCORVOS,HUANCAVELICA,HUAYTARA,SANTIAGO DE CHOCORVOS,PERU
LA LIBERTAD-TRUJILLO-HUANCHACO,LA LIBERTAD,TRUJILLO,HUANCHACO,PERU
AYACUCHO-HUAMANGA-AYACUCHO,AYACUCHO,HUAMANGA,AYACUCHO,PERU
LIMA-BARRANCA-BARRANCA,LIMA,BARRANCA,BARRANCA,PERU
CUSCO-CANAS-YANAOCA,CUSCO,CANAS,YANAOCA,PERU
ANCASH-HUAYLAS-PUEBLO LIBRE,ANCASH,HUAYLAS,PUEBLO LIBRE,PERU
ICA-NAZCA-CHANGUILLO,ICA,NAZCA,CHANGUILLO,PERU
AMAZONAS-UTCUBAMBA-BAGUA GRANDE,AMAZONAS,UTCUBAMBA,BAGUA GRANDE,PERU
LA LIBERTAD-TRUJILLO-VICTOR LARCO HERRERA,LA LIBERTAD,TRUJILLO,VICTOR LARCO HERRERA,PERU
CUSCO-CANCHIS-CHECACUPE,CUSCO,CANCHIS,CHECACUPE,PERU
HUANUCO-HUANUCO-SANTA MARIA DEL VALLE,HUANUCO,HUANUCO,SANTA MARIA DEL VALLE,PERU
HUANCAVELICA-ACOBAMBA-PAUCARA,HUANCAVELICA,ACOBAMBA,PAUCARA,PERU
PASCO-DANIEL ALCIDES CARRION-YANAHUANCA,PASCO,DANIEL ALCIDES CARRION,YANAHUANCA,PERU
PUNO-PUNO-MAÑAZO,PUNO,PUNO,MAÑAZO,PERU
JUNIN-HUANCAYO-HUALHUAS,JUNIN,HUANCAYO,HUALHUAS,PERU
APURIMAC-ANTABAMBA-OROPESA,APURIMAC,ANTABAMBA,OROPESA,PERU
PASCO-DANIEL ALCIDES CARRION-SANTA ANA DE TUSI,PASCO,DANIEL ALCIDES CARRION,SANTA ANA DE TUSI,PERU
ICA-CHINCHA-PUEBLO NUEVO,ICA,CHINCHA,PUEBLO NUEVO,PERU
HUANCAVELICA-CASTROVIRREYNA-TICRAPO,HUANCAVELICA,CASTROVIRREYNA,TICRAPO,PERU
APURIMAC-COTABAMBAS-COTABAMBAS,APURIMAC,COTABAMBAS,COTABAMBAS,PERU
CAJAMARCA-CAJAMARCA-LLACANORA,CAJAMARCA,CAJAMARCA,LLACANORA,PERU
AYACUCHO-PARINACOCHAS-PULLO,AYACUCHO,PARINACOCHAS,PULLO,PERU
LIMA-HUAURA-CALETA DE CARQUIN,LIMA,HUAURA,CALETA DE CARQUIN,PERU
MOQUEGUA-MARISCAL NIETO-MOQUEGUA,MOQUEGUA,MARISCAL NIETO,MOQUEGUA,PERU
CAJAMARCA-SAN IGNACIO-LA COIPA,CAJAMARCA,SAN IGNACIO,LA COIPA,PERU
ANCASH-ASUNCION-ACOCHACA,ANCASH,ASUNCION,ACOCHACA,PERU
JUNIN-HUANCAYO-EL TAMBO,JUNIN,HUANCAYO,EL TAMBO,PERU
SAN MARTIN-MARISCAL CACERES-JUANJUI,SAN MARTIN,MARISCAL CACERES,JUANJUI,PERU
PUNO-AZANGARO-ASILLO,PUNO,AZANGARO,ASILLO,PERU
LIMA-HUAROCHIRI-SANTO DOMINGO DE LOS OLLEROS,LIMA,HUAROCHIRI,SANTO DOMINGO DE LOS OLLEROS,PERU
CALLAO-CALLAO-VENTANILLA,CALLAO,CALLAO,VENTANILLA,PERU
HUANCAVELICA-HUANCAVELICA-HUANDO,HUANCAVELICA,HUANCAVELICA,HUANDO,PERU
PUNO-SAN ROMAN-CARACOTO,PUNO,SAN ROMAN,CARACOTO,PERU
PUNO-MOHO-MOHO,PUNO,MOHO,MOHO,PERU
UCAYALI-CORONEL PORTILLO-CALLERIA,UCAYALI,CORONEL PORTILLO,CALLERIA,PERU
LIMA-LIMA-SURQUILLO,LIMA,LIMA,SURQUILLO,PERU
LORETO-MAYNAS-SAN JUAN BAUTISTA,LORETO,MAYNAS,SAN JUAN BAUTISTA,PERU
HUANCAVELICA-HUANCAVELICA-ASCENSION,HUANCAVELICA,HUANCAVELICA,ASCENSION,PERU
SAN MARTIN-MOYOBAMBA-MOYOBAMBA,SAN MARTIN,MOYOBAMBA,MOYOBAMBA,PERU
JUNIN-JAUJA-HUAMALI,JUNIN,JAUJA,HUAMALI,PERU
ANCASH-HUARI-SAN MARCOS,ANCASH,HUARI,SAN MARCOS,PERU
JUNIN-TARMA-TARMA,JUNIN,TARMA,TARMA,PERU
LIMA-HUAROCHIRI-SANTA EULALIA,LIMA,HUAROCHIRI,SANTA EULALIA,PERU
APURIMAC-ABANCAY-ABANCAY,APURIMAC,ABANCAY,ABANCAY,PERU
JUNIN-JAUJA-MUQUIYAUYO,JUNIN,JAUJA,MUQUIYAUYO,PERU
ANCASH-HUAYLAS-HUATA,ANCASH,HUAYLAS,HUATA,PERU
CAJAMARCA-CELENDIN-CORTEGANA,CAJAMARCA,CELENDIN,CORTEGANA,PERU
JUNIN-HUANCAYO-SAN JERONIMO DE TUNAN,JUNIN,HUANCAYO,SAN JERONIMO DE TUNAN,PERU
LIMA-HUAROCHIRI-LAHUAYTAMBO,LIMA,HUAROCHIRI,LAHUAYTAMBO,PERU
AMAZONAS-UTCUBAMBA-LONYA GRANDE,AMAZONAS,UTCUBAMBA,LONYA GRANDE,PERU
LIMA-LIMA-SAN ISIDRO,LIMA,LIMA,SAN ISIDRO,PERU
HUANCAVELICA-ANGARAES-LIRCAY,HUANCAVELICA,ANGARAES,LIRCAY,PERU
LAMBAYEQUE-CHICLAYO-LA VICTORIA,LAMBAYEQUE,CHICLAYO,LA VICTORIA,PERU
LIMA-HUARAL-AUCALLAMA,LIMA,HUARAL,AUCALLAMA,PERU
PUNO-AZANGARO-AZANGARO,PUNO,AZANGARO,AZANGARO,PERU
SAN MARTIN-MOYOBAMBA-SORITOR,SAN MARTIN,MOYOBAMBA,SORITOR,PERU
HUANCAVELICA-TAYACAJA-TINTAY PUNCU,HUANCAVELICA,TAYACAJA,TINTAY PUNCU,PERU
LIMA-LIMA-PUENTE PIEDRA,LIMA,LIMA,PUENTE PIEDRA,PERU
ICA-ICA-SUBTANJALLA,ICA,ICA,SUBTANJALLA,PERU
PUNO-MELGAR-SANTA ROSA,PUNO,MELGAR,SANTA ROSA,PERU
PIURA-TALARA-LOS ORGANOS,PIURA,TALARA,LOS ORGANOS,PERU
LIMA-BARRANCA-PARAMONGA,LIMA,BARRANCA,PARAMONGA,PERU
LAMBAYEQUE-CHICLAYO-LAGUNAS,LAMBAYEQUE,CHICLAYO,LAGUNAS,PERU
AMAZONAS-LUYA-CAMPORREDONDO,AMAZONAS,LUYA,CAMPORREDONDO,PERU
APURIMAC-GRAU-CHUQUIBAMBILLA,APURIMAC,GRAU,CHUQUIBAMBILLA,PERU
JUNIN-HUANCAYO-SAN AGUSTIN,JUNIN,HUANCAYO,SAN AGUSTIN,PERU
ICA-PALPA-PALPA,ICA,PALPA,PALPA,PERU
ANCASH-CARHUAZ-CARHUAZ,ANCASH,CARHUAZ,CARHUAZ,PERU
JUNIN-SATIPO-RIO NEGRO,JUNIN,SATIPO,RIO NEGRO,PERU
LIMA-LIMA-BARRANCO,LIMA,LIMA,BARRANCO,PERU
AMAZONAS-BONGARA-JAZAN,AMAZONAS,BONGARA,JAZAN,PERU
LIMA-LIMA-LA VICTORIA,LIMA,LIMA,LA VICTORIA,PERU
AYACUCHO-HUANTA-LURICOCHA,AYACUCHO,HUANTA,LURICOCHA,PERU
LIMA-HUARAL-ATAVILLOS BAJO,LIMA,HUARAL,ATAVILLOS BAJO,PERU
SAN MARTIN-SAN MARTIN-TARAPOTO,SAN MARTIN,SAN MARTIN,TARAPOTO,PERU
CAJAMARCA-SAN MIGUEL-SAN MIGUEL,CAJAMARCA,SAN MIGUEL,SAN MIGUEL,PERU
JUNIN-JAUJA-LEONOR ORDOÑEZ,JUNIN,JAUJA,LEONOR ORDOÑEZ,PERU
LA LIBERTAD-PACASMAYO-PACASMAYO,LA LIBERTAD,PACASMAYO,PACASMAYO,PERU
PASCO-DANIEL ALCIDES CARRION-VILCABAMBA,PASCO,DANIEL ALCIDES CARRION,VILCABAMBA,PERU
PASCO-PASCO-CHAUPIMARCA,PASCO,PASCO,CHAUPIMARCA,PERU
CUSCO-CUSCO-SANTIAGO,CUSCO,CUSCO,SANTIAGO,PERU
CAJAMARCA-CUTERVO-QUEROCOTILLO,CAJAMARCA,CUTERVO,QUEROCOTILLO,PERU
LIMA-LIMA-INDEPENDENCIA,LIMA,LIMA,INDEPENDENCIA,PERU
LIMA-LIMA-SAN JUAN DE LURIGANCHO,LIMA,LIMA,SAN JUAN DE LURIGANCHO,PERU
PUNO-AZANGARO-JOSE DOMINGO CHOQUEHUANCA,PUNO,AZANGARO,JOSE DOMINGO CHOQUEHUANCA,PERU
LAMBAYEQUE-CHICLAYO-JOSE LEONARDO ORTIZ,LAMBAYEQUE,CHICLAYO,JOSE LEONARDO ORTIZ,PERU
ANCASH-HUARI-CAJAY,ANCASH,HUARI,CAJAY,PERU
LAMBAYEQUE-CHICLAYO-TUMAN,LAMBAYEQUE,CHICLAYO,TUMAN,PERU
SAN MARTIN-EL DORADO-SANTA ROSA,SAN MARTIN,EL DORADO,SANTA ROSA,PERU
LIMA-YAUYOS-VITIS,LIMA,YAUYOS,VITIS,PERU
APURIMAC-GRAU-VIRUNDO,APURIMAC,GRAU,VIRUNDO,PERU
ANCASH-CASMA-CASMA,ANCASH,CASMA,CASMA,PERU
AREQUIPA-AREQUIPA-MARIANO MELGAR,AREQUIPA,AREQUIPA,MARIANO MELGAR,PERU
PIURA-SULLANA-SULLANA,PIURA,SULLANA,SULLANA,PERU
HUANUCO-HUAMALIES-CHAVIN DE PARIARCA,HUANUCO,HUAMALIES,CHAVIN DE PARIARCA,PERU
AREQUIPA-AREQUIPA-CERRO COLORADO,AREQUIPA,AREQUIPA,CERRO COLORADO,PERU
ICA-ICA-LOS AQUIJES,ICA,ICA,LOS AQUIJES,PERU
APURIMAC-GRAU-CURASCO,APURIMAC,GRAU,CURASCO,PERU
HUANUCO-LAURICOCHA-JESUS,HUANUCO,LAURICOCHA,JESUS,PERU
ANCASH-ANTONIO RAYMONDI-CHACCHO,ANCASH,ANTONIO RAYMONDI,CHACCHO,PERU
ICA-ICA-ICA,ICA,ICA,ICA,PERU
AYACUCHO-HUAMANGA-JESUS NAZARENO,AYACUCHO,HUAMANGA,JESUS NAZARENO,PERU
PIURA-PIURA-LAS LOMAS,PIURA,PIURA,LAS LOMAS,PERU
ICA-PISCO-TUPAC AMARU INCA,ICA,PISCO,TUPAC AMARU INCA,PERU
AYACUCHO-HUANCA SANCOS-SANCOS,AYACUCHO,HUANCA SANCOS,SANCOS,PERU
LIMA-LIMA-RIMAC,LIMA,LIMA,RIMAC,PERU
LIMA-LIMA-MIRAFLORES,LIMA,LIMA,MIRAFLORES,PERU
ANCASH-YUNGAY-YANAMA,ANCASH,YUNGAY,YANAMA,PERU
LIMA-LIMA-PUNTA NEGRA,LIMA,LIMA,PUNTA NEGRA,PERU
HUANCAVELICA-HUANCAVELICA-HUANCAVELICA,HUANCAVELICA,HUANCAVELICA,HUANCAVELICA,PERU
PASCO-PASCO-HUARIACA,PASCO,PASCO,HUARIACA,PERU
PUNO-SAN ANTONIO DE PUTINA-PUTINA,PUNO,SAN ANTONIO DE PUTINA,PUTINA,PERU
AMAZONAS-BAGUA-LA PECA,AMAZONAS,BAGUA,LA PECA,PERU
HUANUCO-DOS DE MAYO-PACHAS,HUANUCO,DOS DE MAYO,PACHAS,PERU
APURIMAC-CHINCHEROS-HUACCANA,APURIMAC,CHINCHEROS,HUACCANA,PERU
ICA-CHINCHA-ALTO LARAN,ICA,CHINCHA,ALTO LARAN,PERU
SAN MARTIN-RIOJA-NUEVA CAJAMARCA,SAN MARTIN,RIOJA,NUEVA CAJAMARCA,PERU
LIMA-HUAURA-HUACHO,LIMA,HUAURA,HUACHO,PERU
ICA-PISCO-SAN ANDRES,ICA,PISCO,SAN ANDRES,PERU
APURIMAC-AYMARAES-COTARUSE,APURIMAC,AYMARAES,COTARUSE,PERU
LAMBAYEQUE-LAMBAYEQUE-TUCUME,LAMBAYEQUE,LAMBAYEQUE,TUCUME,PERU
HUANUCO-HUANUCO-PILLCO MARCA,HUANUCO,HUANUCO,PILLCO MARCA,PERU
LIMA-HUAURA-HUALMAY,LIMA,HUAURA,HUALMAY,PERU
LIMA-BARRANCA-SUPE,LIMA,BARRANCA,SUPE,PERU
ANCASH-PALLASCA-SANTA ROSA,ANCASH,PALLASCA,SANTA ROSA,PERU
LIMA-LIMA-SAN BARTOLO,LIMA,LIMA,SAN BARTOLO,PERU
MADRE DE DIOS-TAMBOPATA-TAMBOPATA,MADRE DE DIOS,TAMBOPATA,TAMBOPATA,PERU
PASCO-OXAPAMPA-VILLA RICA,PASCO,OXAPAMPA,VILLA RICA,PERU
LAMBAYEQUE-FERREÑAFE-PITIPO,LAMBAYEQUE,FERREÑAFE,PITIPO,PERU
JUNIN-HUANCAYO-PILCOMAYO,JUNIN,HUANCAYO,PILCOMAYO,PERU
JUNIN-HUANCAYO-HUACRAPUQUIO,JUNIN,HUANCAYO,HUACRAPUQUIO,PERU
SAN MARTIN-SAN MARTIN-MORALES,SAN MARTIN,SAN MARTIN,MORALES,PERU
TUMBES-ZARUMILLA-PAPAYAL,TUMBES,ZARUMILLA,PAPAYAL,PERU
LIMA-CAÑETE-CHILCA,LIMA,CAÑETE,CHILCA,PERU
CAJAMARCA-CAJAMARCA-CAJAMARCA,CAJAMARCA,CAJAMARCA,CAJAMARCA,PERU
PIURA-PIURA-PIURA,PIURA,PIURA,PIURA,PERU
CAJAMARCA-CUTERVO-CUTERVO,CAJAMARCA,CUTERVO,CUTERVO,PERU
AREQUIPA-AREQUIPA-PAUCARPATA,AREQUIPA,AREQUIPA,PAUCARPATA,PERU
JUNIN-CHUPACA-CHUPACA,JUNIN,CHUPACA,CHUPACA,PERU
APURIMAC-CHINCHEROS-ANCO-HUALLO,APURIMAC,CHINCHEROS,ANCO-HUALLO,PERU
APURIMAC-ANTABAMBA-EL ORO,APURIMAC,ANTABAMBA,EL ORO,PERU
SAN MARTIN-TOCACHE-POLVORA,SAN MARTIN,TOCACHE,POLVORA,PERU
AMAZONAS-CHACHAPOYAS-CHACHAPOYAS,AMAZONAS,CHACHAPOYAS,CHACHAPOYAS,PERU
LIMA-LIMA-JESUS MARIA,LIMA,LIMA,JESUS MARIA,PERU
CUSCO-ESPINAR-ESPINAR,CUSCO,ESPINAR,ESPINAR,PERU
TUMBES-TUMBES-TUMBES,TUMBES,TUMBES,TUMBES,PERU
ANCASH-YUNGAY-CASCAPARA,ANCASH,YUNGAY,CASCAPARA,PERU
LIMA-HUAROCHIRI-CARAMPOMA,LIMA,HUAROCHIRI,CARAMPOMA,PERU
JUNIN-SATIPO-PAMPA HERMOSA,JUNIN,SATIPO,PAMPA HERMOSA,PERU
HUANCAVELICA-ACOBAMBA-ANTA,HUANCAVELICA,ACOBAMBA,ANTA,PERU
AREQUIPA-AREQUIPA-UCHUMAYO,AREQUIPA,AREQUIPA,UCHUMAYO,PERU
LIMA-LIMA-SAN LUIS,LIMA,LIMA,SAN LUIS,PERU
LA LIBERTAD-TRUJILLO-LA ESPERANZA,LA LIBERTAD,TRUJILLO,LA ESPERANZA,PERU
APURIMAC-ANDAHUAYLAS-TUMAY HUARACA,APURIMAC,ANDAHUAYLAS,TUMAY HUARACA,PERU
PASCO-OXAPAMPA-PALCAZU,PASCO,OXAPAMPA,PALCAZU,PERU
TACNA-JORGE BASADRE-ILABAYA,TACNA,JORGE BASADRE,ILABAYA,PERU
SAN MARTIN-TOCACHE-NUEVO PROGRESO,SAN MARTIN,TOCACHE,NUEVO PROGRESO,PERU
PUNO-PUNO-ACORA,PUNO,PUNO,ACORA,PERU
ICA-CHINCHA-CHINCHA BAJA,ICA,CHINCHA,CHINCHA BAJA,PERU
HUANUCO-HUACAYBAMBA-PINRA,HUANUCO,HUACAYBAMBA,PINRA,PERU
PUNO-SAN ANTONIO DE PUTINA-ANANEA,PUNO,SAN ANTONIO DE PUTINA,ANANEA,PERU
CAJAMARCA-SAN IGNACIO-CHIRINOS,CAJAMARCA,SAN IGNACIO,CHIRINOS,PERU
ICA-CHINCHA-CHAVIN,ICA,CHINCHA,CHAVIN,PERU
PUNO-SAN ROMAN-JULIACA,PUNO,SAN ROMAN,JULIACA,PERU
LIMA-LIMA-COMAS,LIMA,LIMA,COMAS,PERU
AMAZONAS-LUYA-LAMUD,AMAZONAS,LUYA,LAMUD,PERU
CUSCO-LA CONVENCION-PICHARI,CUSCO,LA CONVENCION,PICHARI,PERU
CUSCO-CUSCO-WANCHAQ,CUSCO,CUSCO,WANCHAQ,PERU
SAN MARTIN-RIOJA-RIOJA,SAN MARTIN,RIOJA,RIOJA,PERU
MOQUEGUA-ILO-EL ALGARROBAL,MOQUEGUA,ILO,EL ALGARROBAL,PERU
LIMA-LIMA-ANCON,LIMA,LIMA,ANCON,PERU
LA LIBERTAD-PACASMAYO-GUADALUPE,LA LIBERTAD,PACASMAYO,GUADALUPE,PERU
ICA-ICA-PACHACUTEC,ICA,ICA,PACHACUTEC,PERU
LIMA-CAÑETE-IMPERIAL,LIMA,CAÑETE,IMPERIAL,PERU
LA LIBERTAD-TRUJILLO-MOCHE,LA LIBERTAD,TRUJILLO,MOCHE,PERU
APURIMAC-ANDAHUAYLAS-ANDAHUAYLAS,APURIMAC,ANDAHUAYLAS,ANDAHUAYLAS,PERU
JUNIN-CHUPACA-YANACANCHA,JUNIN,CHUPACA,YANACANCHA,PERU
CUSCO-CANCHIS-PITUMARCA,CUSCO,CANCHIS,PITUMARCA,PERU
LIMA-LIMA-EL AGUSTINO,LIMA,LIMA,EL AGUSTINO,PERU
AREQUIPA-AREQUIPA-YANAHUARA,AREQUIPA,AREQUIPA,YANAHUARA,PERU
LIMA-HUAURA-VEGUETA,LIMA,HUAURA,VEGUETA,PERU
PUNO-LAMPA-PUCARA,PUNO,LAMPA,PUCARA,PERU
PASCO-PASCO-SIMON BOLIVAR,PASCO,PASCO,SIMON BOLIVAR,PERU
LIMA-LIMA-SAN JUAN DE MIRAFLORES,LIMA,LIMA,SAN JUAN DE MIRAFLORES,PERU
ANCASH-SANTA-COISHCO,ANCASH,SANTA,COISHCO,PERU
ANCASH-HUARAZ-HUARAZ,ANCASH,HUARAZ,HUARAZ,PERU
ANCASH-RECUAY-CATAC,ANCASH,RECUAY,CATAC,PERU
LIMA-LIMA-SANTIAGO DE SURCO,LIMA,LIMA,SANTIAGO DE SURCO,PERU
LIMA-CAÑETE-ASIA,LIMA,CAÑETE,ASIA,PERU
ANCASH-ASUNCION-CHACAS,ANCASH,ASUNCION,CHACAS,PERU
PASCO-PASCO-PALLANCHACRA,PASCO,PASCO,PALLANCHACRA,PERU
LIMA-YAUYOS-YAUYOS,LIMA,YAUYOS,YAUYOS,PERU
AYACUCHO-HUANTA-HUAMANGUILLA,AYACUCHO,HUANTA,HUAMANGUILLA,PERU
LIMA-CAÑETE-MALA,LIMA,CAÑETE,MALA,PERU
JUNIN-CHUPACA-AHUAC,JUNIN,CHUPACA,AHUAC,PERU
CUSCO-CALCA-CALCA,CUSCO,CALCA,CALCA,PERU
SAN MARTIN-HUALLAGA-EL ESLABON,SAN MARTIN,HUALLAGA,EL ESLABON,PERU
APURIMAC-ABANCAY-TAMBURCO,APURIMAC,ABANCAY,TAMBURCO,PERU
JUNIN-JAUJA-YAUYOS,JUNIN,JAUJA,YAUYOS,PERU
CAJAMARCA-CELENDIN-CELENDIN,CAJAMARCA,CELENDIN,CELENDIN,PERU
ANCASH-HUARI-ANRA,ANCASH,HUARI,ANRA,PERU
PASCO-OXAPAMPA-OXAPAMPA,PASCO,OXAPAMPA,OXAPAMPA,PERU
LORETO-MAYNAS-IQUITOS,LORETO,MAYNAS,IQUITOS,PERU
LIMA-LIMA-LOS OLIVOS,LIMA,LIMA,LOS OLIVOS,PERU
PUNO-PUNO-PUNO,PUNO,PUNO,PUNO,PERU
ANCASH-SANTA-CHIMBOTE,ANCASH,SANTA,CHIMBOTE,PERU
UCAYALI-PADRE ABAD-PADRE ABAD,UCAYALI,PADRE ABAD,PADRE ABAD,PERU
AYACUCHO-LA MAR-ANCO,AYACUCHO,LA MAR,ANCO,PERU
JUNIN-TARMA-HUARICOLCA,JUNIN,TARMA,HUARICOLCA,PERU
LIMA-HUAURA-SANTA MARIA,LIMA,HUAURA,SANTA MARIA,PERU
PUNO-YUNGUYO-COPANI,PUNO,YUNGUYO,COPANI,PERU
CAJAMARCA-CAJABAMBA-CAJABAMBA,CAJAMARCA,CAJABAMBA,CAJABAMBA,PERU
PUNO-LAMPA-LAMPA,PUNO,LAMPA,LAMPA,PERU
AYACUCHO-LA MAR-SANTA ROSA,AYACUCHO,LA MAR,SANTA ROSA,PERU
LIMA-HUAROCHIRI-SAN MATEO,LIMA,HUAROCHIRI,SAN MATEO,PERU
MOQUEGUA-ILO-ILO,MOQUEGUA,ILO,ILO,PERU
JUNIN-HUANCAYO-CHILCA,JUNIN,HUANCAYO,CHILCA,PERU
PUNO-HUANCANE-COJATA,PUNO,HUANCANE,COJATA,PERU
PUNO-MELGAR-NUÑOA,PUNO,MELGAR,NUÑOA,PERU
ANCASH-CARHUAZ-AMASHCA,ANCASH,CARHUAZ,AMASHCA,PERU
LAMBAYEQUE-CHICLAYO-CHICLAYO,LAMBAYEQUE,CHICLAYO,CHICLAYO,PERU
HUANCAVELICA-TAYACAJA-PAMPAS,HUANCAVELICA,TAYACAJA,PAMPAS,PERU
JUNIN-YAULI-LA OROYA,JUNIN,YAULI,LA OROYA,PERU
LIMA-CAÑETE-ZUÑIGA,LIMA,CAÑETE,ZUÑIGA,PERU
LIMA-LIMA-PACHACAMAC,LIMA,LIMA,PACHACAMAC,PERU
JUNIN-TARMA-ACOBAMBA,JUNIN,TARMA,ACOBAMBA,PERU
AREQUIPA-AREQUIPA-MIRAFLORES,AREQUIPA,AREQUIPA,MIRAFLORES,PERU
JUNIN-HUANCAYO-HUANCAYO,JUNIN,HUANCAYO,HUANCAYO,PERU
CUSCO-CALCA-LARES,CUSCO,CALCA,LARES,PERU
JUNIN-CHANCHAMAYO-SAN RAMON,JUNIN,CHANCHAMAYO,SAN RAMON,PERU
LIMA-CAÑETE-NUEVO IMPERIAL,LIMA,CAÑETE,NUEVO IMPERIAL,PERU
LIMA-LIMA-LURIN,LIMA,LIMA,LURIN,PERU
LIMA-LIMA-SANTA ROSA,LIMA,LIMA,SANTA ROSA,PERU
ANCASH-HUARAZ-INDEPENDENCIA,ANCASH,HUARAZ,INDEPENDENCIA,PERU
TACNA-TACNA-TACNA,TACNA,TACNA,TACNA,PERU
JUNIN-CHANCHAMAYO-VITOC,JUNIN,CHANCHAMAYO,VITOC,PERU
ICA-PISCO-PISCO,ICA,PISCO,PISCO,PERU
AYACUCHO-LUCANAS-LUCANAS,AYACUCHO,LUCANAS,LUCANAS,PERU
AREQUIPA-CASTILLA-ORCOPAMPA,AREQUIPA,CASTILLA,ORCOPAMPA,PERU
SAN MARTIN-TOCACHE-TOCACHE,SAN MARTIN,TOCACHE,TOCACHE,PERU
PASCO-OXAPAMPA-HUANCABAMBA,PASCO,OXAPAMPA,HUANCABAMBA,PERU
AMAZONAS-CHACHAPOYAS-CHETO,AMAZONAS,CHACHAPOYAS,CHETO,PERU
LIMA-LIMA-PUCUSANA,LIMA,LIMA,PUCUSANA,PERU
ICA-CHINCHA-SUNAMPE,ICA,CHINCHA,SUNAMPE,PERU
LIMA-LIMA-LIMA,LIMA,LIMA,LIMA,PERU
ANCASH-CORONGO-LA PAMPA,ANCASH,CORONGO,LA PAMPA,PERU
JUNIN-HUANCAYO-SAPALLANGA,JUNIN,HUANCAYO,SAPALLANGA,PERU
LAMBAYEQUE-CHICLAYO-REQUE,LAMBAYEQUE,CHICLAYO,REQUE,PERU
JUNIN-JAUJA-JAUJA,JUNIN,JAUJA,JAUJA,PERU
ANCASH-CASMA-YAUTAN,ANCASH,CASMA,YAUTAN,PERU
CUSCO-CUSCO-SAN SEBASTIAN,CUSCO,CUSCO,SAN SEBASTIAN,PERU
LIMA-CAJATAMBO-CAJATAMBO,LIMA,CAJATAMBO,CAJATAMBO,PERU
ICA-CHINCHA-CHINCHA ALTA,ICA,CHINCHA,CHINCHA ALTA,PERU
HUANUCO-HUANUCO-AMARILIS,HUANUCO,HUANUCO,AMARILIS,PERU
PUNO-AZANGARO-SAN ANTON,PUNO,AZANGARO,SAN ANTON,PERU
HUANUCO-HUAMALIES-LLATA,HUANUCO,HUAMALIES,LLATA,PERU
ANCASH-SIHUAS-CHINGALPO,ANCASH,SIHUAS,CHINGALPO,PERU
ANCASH-RECUAY-TICAPAMPA,ANCASH,RECUAY,TICAPAMPA,PERU
LIMA-LIMA-PUNTA HERMOSA,LIMA,LIMA,PUNTA HERMOSA,PERU
AYACUCHO-LUCANAS-PUQUIO,AYACUCHO,LUCANAS,PUQUIO,PERU
CUSCO-URUBAMBA-URUBAMBA,CUSCO,URUBAMBA,URUBAMBA,PERU
AYACUCHO-HUANTA-HUANTA,AYACUCHO,HUANTA,HUANTA,PERU
JUNIN-HUANCAYO-HUANCAN,JUNIN,HUANCAYO,HUANCAN,PERU
CALLAO-CALLAO-LA PUNTA,CALLAO,CALLAO,LA PUNTA,PERU
PUNO-AZANGARO-SAN JOSE,PUNO,AZANGARO,SAN JOSE,PERU
CALLAO-CALLAO-LA PERLA,CALLAO,CALLAO,LA PERLA,PERU
LIMA-LIMA-PUEBLO LIBRE,LIMA,LIMA,PUEBLO LIBRE,PERU
ANCASH-SIHUAS-SAN JUAN,ANCASH,SIHUAS,SAN JUAN,PERU
HUANUCO-PACHITEA-UMARI,HUANUCO,PACHITEA,UMARI,PERU
AREQUIPA-CAMANA-CAMANA,AREQUIPA,CAMANA,CAMANA,PERU
CUSCO-CANCHIS-SICUANI,CUSCO,CANCHIS,SICUANI,PERU
PIURA-TALARA-PARIÑAS,PIURA,TALARA,PARIÑAS,PERU
ICA-NAZCA-EL INGENIO,ICA,NAZCA,EL INGENIO,PERU
LIMA-LIMA-CARABAYLLO,LIMA,LIMA,CARABAYLLO,PERU
PUNO-YUNGUYO-YUNGUYO,PUNO,YUNGUYO,YUNGUYO,PERU
CAJAMARCA-JAEN-JAEN,CAJAMARCA,JAEN,JAEN,PERU
JUNIN-SATIPO-SATIPO,JUNIN,SATIPO,SATIPO,PERU
ANCASH-HUARI-HUARI,ANCASH,HUARI,HUARI,PERU
CUSCO-CUSCO-CUSCO,CUSCO,CUSCO,CUSCO,PERU
LIMA-CANTA-CANTA,LIMA,CANTA,CANTA,PERU
LIMA-LIMA-BREÑA,LIMA,LIMA,BREÑA,PERU
PUNO-MELGAR-CUPI,PUNO,MELGAR,CUPI,PERU
ICA-NAZCA-NAZCA,ICA,NAZCA,NAZCA,PERU
